0;UCEAR5KM7MP7T64HMQHQQZSQY6O1RDIA7R8WOZN3EVJTXUT5VV9YUBDTMXXB7LYCBI1UQ9ZQKA95ZZZ32F0LZJZYR93O20P3T2VLN20DDA3WB3E5ERV5B40MEC9AZFYKUD6Y7RI2DWBYKKKINMTKBAVOZ3FJKOP42Y3T32K9VP7NT8XOLQCQ2L5GIT341CKDU5A7URGNPKJEHQJRQPO8EIHA2GR8CM3EGKQIB46636VVLMK8IV3PVCBRVNO3YH2
1;WR9DG2DMSZRCQ4M0NQLJMTG6EAWYDGU6TZCX8K8MI0IZZQ7DOCAFVZRUIDY4INPKV4PQF70OWIWX9US6HWHYB8OT6PM1WXG23G1FXRC8MFWYN972WVO2UR5T2D4APX45DFZMD68K2B1R87OBZIVGN49DWZQYWNJFTYY2JSSWJ7B8B197DIBXVWM26Y4D2AYOZHTQ2BCKO4PZZ9B9HM3L6654EMEBBRF4KUO53FJJTBPGCUJJTG3OQ0EYNISC8Z4
2;HOMHC99CGMEII48LLJO0AQP1FDY045RVE53SW93VXRIKKGNHSZUPN2EW57DTJSIC48QLVIMG4ERXQD0ADL73WW5CJP8FT5M2X2HRGK43GWWNAWH1YRJXE79N05P3U34F0KLN9UFIWH235A38L7KUV3Z9T3ZPGKH9JAGUBYC84A0XXR9GWCOXWINMM1MH2EGECOV4R6S98CSYWYMPW3BQ6UAMMUQMIVHFQPAY1LJ09WXM92FX6C0JM4IRPP3757O
3;CHFFPVD05573XR98BAMGUTYI3VLGSWKZEKVE7G2HI52JD58S356IAD6UDRNZF6YT3SOJRFPDZWXUY5H6PK6IC5YXCBYZC6IH4S38F18V5S4X2G8XXADGXU5T72CM6IU45ICAB4S2Y0CEJUAIIE389S3O0TMP3W5V9M0XB3HA9UWTXLQX6IJLWMGLY7OYS0I3EZOPYHARKKW26931O3TXUM9TNX2P8VKN8CI69V34APK31V53XFDWUP8O5MY44B8
4;2543EDHT1F284SBO0PF8O6N6XWPC6D4NQGEC3S5J4AYXKQ5OWE656G7Y2Q9MQPKSY4ULJ77CGTEOB8U1WUASIS6YA64T6TAM71ELFJ1A9B3OT6VACYA3PK40YKWEGUJVTXAO6ET49VPXUPX2PJ9008M9QSUDQJN3QLMNRHTDK9M507S85HGFI6VQYMHU2Z0UJLCZ6X320B79B5OX9Q1JH16O3QH6F8YC3GLCHJFNAWV3E5X4GEO21SVEVUK1963
5;2QCRYZW8OJO8N4DZQ8JCHY8NGGXESM1X0J68YYVDQLI8UQXP9CLOZQEAUNPS86YIC3LQ2IPFWUIGPWTAUKQZ4LQY7VRZIELKQ3L5M0SEP3ZM9MNVGO34OEP9RCV95Y7MLH3MNZMSR1RFEG6K4NUTI9BQYUBHZMBGGEN9SDQJ9BUI63ZQ5SAWFONVXTFYH8SRINHC3DREDGEVPNVWLJSGDD01EEDJX2LRMMVERCQND630X6VX0S3NMMKA2XH7N1G
6;SXGGPCS8G0O1LVEO0SH6CGC0BEZWX0DAMLWUNUTUX03K42S8EM1O2X3YIVTNBY6FHNXUHYPT4V1SJVVISOHW8TOWQLXX63MZAZ583N6XJ40PM1F80DNTAR719VBWGOPMK20LLIQYJ4E2JIJCZ1SQU0JN0LEC4XUURJJELX7FZPCW7LKHKSCAMP7VX3OPYKXSQVMGIG9B0YJMOGUGF3JTAK4TLH54LOG70HWLC501M22CRLE87JTE1EG18E6FHWY
7;SR47O95T26CWXHCMEXMKR6GX509Y9LK1P2QMJE5I7L3NOLC8Q99LYSLALD9IGAV304ZL4VMC98RPBHKNFQ383ZECCLRPGEFGJ6RAYJYH7HAC0WCPZJEIQJTYZXQ55PA5P6KCCVV8GZNEDPJB2HHKJMOBVQERMAXAJMHSBOSR4QJ2ELQ9GNO14NRJNGXEZUAH9A1CIKQXDV14YYW2385B3WOEQHYMCDC3OA8B904SHJNDPU96YPXZN3GXZ5C0UW7
8;GXHKUDT4KCDYVVXN8FEH1WLFH2UKQQHT07S7HK8E6FLFA7P8T52EWFNMAXLLK2G7YMEU8L7OFB2FRJQJOELD90JY4Y5MJYP2EUB7OSKP2FOG5ZOZQ3E1LZJ7ON1MB25C5XDUXAETAGOELWI51EWCIYYBDLEWLT095KHY2YF6QD09YH4DLC6AIN3TCL4DYO0KHPXJVIVRYYBS07DPWRJDUEVOPU8M1I5TW9IO7NMJYUHVBT2MGE9V0AXR43PAOBY
9;XR9PJS46CF8GIIFIHOHLOU1YFFBCKJC26J0MZTSP2UOMTQP49DFJPZ80PLPFOREW0O92N71P50PTI3J72EO8BIDAOPWFGKR1HOZSGRH5MET9FL5C4ADE4PD2OMPUNAY65OS82XYUOLW11FCCCCO16QO9I31MVQ9KL49G8TQT9DEG26FWGWBAWPZAI6M95N8I64G5WG1B5ZFLRSDY8ORLTN4BDDL7RQ9H8B0E6EXD50KNCM1EHBI5BAM55SPGWFN
10;URB2RVDIQ4SM72BXBKO30NQ3USUQH1R31MZN4OPM6NVEIG98JSYOR382V8QYKC4FD7EMEYF2DYVOHK03WC27ET9LK2OTE96UD1RF9KEH2E7OHXR2UJ97WQRIKN91LJUUGXIJW1DC0O43R7VYHWRMTVNRIVZ23MRYLWJMN58AI6MU7ACN9BYC8SIUCD2U3QL5CTASQCCAR9PA1WLA9GB5POL0OUF8W51Q5MZZFEWS4Q92LA03KGYCE5EUM34TM75
11;FRADBAG6ZEMFE8YA1DGJIF623UAL4SZU9J01X544MY5Y1X0L57OKEJN74KBTAEYD959HED9CGQUHN18P0XB1ND1JUK6MPEJK6OVNNYPW1GV2YSXS7VXMKF6YN0GX1D5HYJ7XA0SBU1K7UCESO0HJNBT3Q4AE9P9NYO010HY0KAC3P0XRD4GAA3FZDW5R4A7OALA88K2GPC8Y0MMMMLA5IN9VRQNK8VDMUCVH5ZI76J4W1HV7C3D6NJU067AJLFD
12;9TM6KB7A3RXJ1O2JJNIWJAIBQXIQ6HPIT7RGXIIRQ04GF0DAJVM9KIAPEQOTOFPHBBC6XBWYL2NREXCS40WTM9KRFU1WTFVZ4PO6FB58RANRHFGLP31693DYGJLU0HGNCVRX7XG1BL5RKA3NGT38NZPSB2QQUFHQX2OFXW5P42R32BHTCLML6Z1NKNE46M76V9TT2WCC0F85EHYXXRLS7UKBH8I7KVL6DPXGF7SAERU9BFNUBTJASZOCR9RMY0N
13;HTVVK3A14NVTRXI5LQR0PR5GV4PM63DPXRYX27HH92UY00KSL59IK662Y6YUUMMSCQC2LMI9ZDOAVW5ME1TVNR7JK9KEQE3WCNB9PM3U1XQPAD6RMEH2QYNG6MH8SXAH7RFYR25XN6XUGPSVP42RH8SXKBFH6I9Y6FSMKWC8FLZQ2SID2K37KIOW4S046IXIK5L8V5KULQN45H9H3T5JU9972FBX3433I7QZGKATZT4489CW91WFU281NOIYVHW
14;LCHNTK0UPZUNAB03YC14B74EHYNG0ST4P8TXLQICJ4OGZ5YAR5R0OD7YS834O259DR56DTCRP6BBFR0J6VFIHC8K22YP89PY1DY5USSTFQXJEFM7J6MIKSLLU3R9ELN30ARCZ1LU9C6Q4AX7U3K45N76PW03XL3Q30F8PYDVLTB6F8NPSWH4CI9Z8P0W9ZK760QAWVB8E6IQL6HJEV5LXMD10KOT7OI9JVDCQVA3YURR5YVIP1ZCAAEBI61ZDFP
15;RBD4QWU23DOL0G7ITCC4P159JQ9JA142TMCE4CYPDG1VLHCFFDNHKZ4AVGO3928MYBZZGEDT1UM1GV6FYACG8TGVSK0AUCK0BPODCKYFZFJQB1QK9U3IR0AAKZTCJGPJD94U3IG90N9FB0UH6KJF9CX3UG7CKA64G4V8P2CTTVDAC4MOA8LBSDMWMA3OQQO5F2KTNARK0ZKRWCR0JSCHN1PDBEHI95BWYIQ7N9WT7G5PZ792OZY493CFQCSDN4V
16;NQ3AR63HSJP8O8SJ24IV67QHJDLIJ1XYWIA3FCF8TCU782VIO9Z5WC4Y4N5E0UM7I8PI3UFVCKY00OAX93QZA7VH3N5DX55NZ763MLOU6LTN6X25PNTS8FDPTQC7DGFU8BIXBSB0H7JZPISL5WXYOE5XB0ENYTLBGLY8W0WFRT75YRW69RXMG93NQX0WYPBSWUUYO9UY1BZHSCY5BD0A0SUX0Z8N8Q3DCYWV6HYBSDIM1LMFP7QRVCT147L5I9I
17;I32KN0RSTSZZ12QKLP1EXGWRJTSSIUH7849NXJ4DJ49YCGY3PDLC3RH3JWVWJ8NZSJ9UJ2IBM6KUPW99RUHNKX0BMWZVLGKI1Z0BD0S6W7POPB7WOCU4OXIGMF0FZ88M1Z829LYA2E4OYOXZ85CURW9IKS9K1COFUFCYJHLDABHYFS0ZGCIC8TGQHFHMH44TLV1KKDKUI3A444RH3XLDZIUVLVP9C8VL5BBD9PFLZ56L1GLB4D67S9M01C6COWL
18;4Q78WFC87EKNGOG5NXHBVFOPM2XVATHLW5ETK1MPLQPSQA3IQG0NRDAHLI7GULO5VMCGR6NFPGZGJMJBMOWB0QQSMNC0DNF7S53X4BR6JWULJLB3ZAEEEFTA3U4GVXSOY6KZXOJ53Y641XJTM9EV17IN7T6GZDLMWPLYGFXB8Z64EH69OR60K9FXV2NYAANGH9QMX215UVMVQAMZPMA7E5A6PLHAJS0GJ05XBO9BVMXXCDFKPNBS4IFYMQJSJC5
19;1U77Y37Q0AIKW7H1UK9QON6HNW1EV1B7WF4KGKSC29K5KDDJ7SQKPGEYJSR6IQWJVC77B87EQ3AB698W3A13C78B6Y1VG991ULVV360I4T0WTA2LOEMA5PI8PQKT6X10KMKLE79YIJ5X8QIA3CG55ZBS29JX4OW2J0SCK0HJV4ZFGF27M9COQ2MDEZXBQ6O8YPFX4E53GRZT5QZIX2LVHRCPST2DVLWTII09GMHCAT6JPQWJ7PMCC2JG23UFTNG
20;12X448Y56HRQU2Y73UL3YJ9Q826JUT9G21158DZ2RXNU3BI86NERYIB63DBXXK9DQ1RB304TVN19FROFOZ43Z4UKY8J9CC15Z4NDOEM4MDQ9C510UPPW3XOYNIREZ1YWE46PBA3ME4XYX4193506WH76YA4DSUY5GHUM4JUUPF0TJ52PGV4LTLRIV76NOZT1ZNK4VDQMVLTSUZZ3DKGKO6RMAW7SH00AB68T2K0O843I915M8B4053QJ8NH9RTC
21;2MKWO90FPXGV891RNIRP9ACC4JJ8520GC6Z404DAP731KRUQXC50W3A9W6VY5W8G516CD1IY8XOTU8K0W3HV4M81OA2P3JF0MVAMS7BGC0WI5OSY1LUJIV3FNGW0A149PX4DCEC09IH347HHR8XW5K7VH111JKZT8XYPILHRJSVFXPEWTO6I44G3XPPC7OAZQ5QZWWE1CYS8078SW1H7UL56F9TRHPRE7ZU1NS27TYQ0KCPKVRVEVR8HUHI4K4W
22;B6WAJ7ZUNBK4MB9FCNLYZUXR2CMV7QVZC70F3XS27OE8SLRNN8LFB163EJ4H07YRH1O5RL8JIHTWH03IAGZINIYR1U17VNOYPAX03W5787VQC0259DJLW2VY0P9L8PY7N898WQPRYML9A0W0C71VUWOT4BBMKKRQ6EHRXMA7SU8E22C5IPL10BRLNDHZ41Q3IWBRUG5X6OZGC9HYJPIHFRKK1AQYOY18R3WX9TKI0CN3OB9CXBVSS6TKTC29ICH
23;04QNQBAWNUV34J8Q6T2NK2ISP3CTYN91R7E8Z03X0MOEUX2RE99EJ0BUZ5AUZ6YU9IW5G98E8RULAMVNNOJGZBND876W063TJ2V4FKKKSP7KAZ5H5TKW7NI8MQA21PF4O24JCOTGYIP7Z2ON485HKW3DUBF334X2EG34X5C1WZSA9GSJK9QUO812VHPXYBU9YE70I93AXA9GYQ4CHNY4NS1N7OU5XA8OFPDH0VMVSS12BU69U6BLRB0EZWEHDP9
24;Y156MGJB1VMTRDYNTEJB5KT8USGD6M28NTLK9SBVZVOYAY3GVZ4EWN46NTJ17HYR43ROPOR3FAMTLB5ZZSVSY01XAV9T1043XEFQBI89RJXBY6AHE4FPY8SQCEIAQSK98NLXXEZDJ1A461FUM5A3LJ9T8T05XFHJTCQTLEM7NKYOFRM6BX5RDFI6AKXUYVDIXNYU3GPXNLX7794OI1U9KMD96UUGOEOQZUR656HXWB8RK7IBGP2LU9WNXK98RD5
25;FLB6H5260BK3IDJN8SW6CF6ANTS49DDLTD8TEFM64NDHT778MJ1DOHOKZLA5FCX7CGP7LQSQPIKDFB3H1T9DZWBMJAULLDDKYC9NLY9C85LB27UT32HEK5D9SEN5HGPRSHTPJZ2PK7BXTWL1LB7BGSWWPOSJOFC8V2YFBACNCW00U7ABIAZ84W38IZHUMGKECLT0MROK98RZE42JQ5V0RNXMALRB0L3P7JOSAX6XR2YS2V9X0HRSGCCE59XICKO
26;W90TUXFHX5VKHJWKT0KFY7C4WOLJ4RO7VCPMYVZD7F2RY81D31HNUUQ5KPZ3S8WEVY5KIUSYGTSYH0JHSPS1O4NTK3UT8W5Y0R4E563G7RG1NJTT3AZGM1MJYRO9RSCH01RO7FKP40PGSUVV5EE9TL38LM64G829MO51FYPYLORQROQQE8E309NFTRDMTBGMO42IA1B2EYUACM1K77S8M8JDM0A7AWFLPEJ2NTDD11PQ47BQU5E2SX31EFW0BXN
27;413G834V8K2YSVB075DYN8ZBH2L3AUIB28ZP0KJ7HX6SKWXBKRC6ZD2A1YT5X1SPPMRDMDMT4WFF65MUZYMYF71DXFQRR1PDH51A17STB23KBJFLJISTJY9NB0RFGVOFFBDR4JV9VRQ06IWAJIHJHXKP3UPA8J3BAM5V3QJ4M9GS8QY0V6RWK5L746RXOMV86VD1SIGXOQAENQRMPI5Q8HUAYB6MWJBB8QTBSFSZ2MF4J36ZNDJD2QQAKLLIY1N
28;GGWFOZ1I40S384IKQ2TSX3QGM58YEEKI7TFTKFYBJJAM2WO1JAUB6RKU83D64BY6FC5ZWPX576Z2LUYXHXNH5JJUVW21L34TC6NGRF5R49Y6XVZXIEM96B06S9AMGC7XWLI50K8MBJK9N4BKSL0NUG9B4VGCJ4NQ2AHMO5VS6Y78M5LA7JD0WTHTPK6F5AXGRJPQFQN5BLGHL5WB196KPCRITGAX463J2CK40W5BWYHOS6G8R2883PS9KT7TI03
29;GL96VVJW1RKRCAMQFISGBDRCJM5G5RNX588VU7UQ4CURNWEJ4U1BI63W0J4D2MX9IQYH9X2IK8FZK33E9D1DUXO72W1YZYWGXASOG3Z8DX3UNND9SOWVUCG0IRSGWVZ69CPUYDIAQCHDCETOIRS6EDWX5PTHI4KX1DYH9ZAT0CAWN3XT8KBFNZ98UO9KSYRTE2YTB8BZ2X8X00Q51R1QCS7RJZ6Y3L25A297A229HH4O8SIGQYSSJ6VCUKIM8CQ
30;M0BK37SUVTDBCDS0ELZQRFIBUSMP1IAPO96WVS4JPRCNEEUD92KK0J5SBUNSRQQJYMTWAV72GYG7434FFOF6BY2TNUPMY8Q9O3HKTTMP50J6CV37AW2CCS7FKP473HA17D0BQJ2MGATW2QS4MH6L1DZ17PURPP9860KFNMO3HF5KTX6RS2TX4S2DCJCOVCVFCC1NIB8NLDKIDOUOAEDNK7DGSKDARIEBQARJBO25MITLSC3HKA4F8KHRFLFLLO4
31;SSBWSH6R27O568YV07FSSOVV4BDMORLZ6CO9R18UBEKHA9DIXCAT5CCISSBR4740Q7E2DS3BTV7XYXFNAQA9YC8UPCK3PXKMWWBML6X9CDTFCXJS7GGYBW63YUST1I16S10QCDZ09IFRJOICEBOHCR60VWWD8FTT0XRH8KPZD4H97Q6YU1WRRF290YP0I8ZM2794XRKR5GB2J5LDYL0DA8K7JW74MD622JX0I81KMKUT7YL114LKVE1XEIMV7A4
32;MGKESSOYW6LZ1SHAA5KWGCPHAABHJV3WI1CAXVCJIIW7G32UUUQ5R6AAM2YPO051XO2OG8CAHGIL6FG5HB8XEZ4LU850SYE7B167VWJIN0GT0KGV3JE4XSNM6Z2Z95IJRVJTPM15MXLULDOA1WUT6SN0IWTBIJXSKELO18ODNWD7PSSKLYB7K1ZCTLD061Y5STQ00ORME0JYGLFI1TDXZK9M8L9TRIP1AJCD46Q3REOU7FIWHFOJZCOXRWYJ1CJ
33;1P8AGOJC8RJWKXFSC2GTTJL97T7B6J2SRQVGA4NOHNVN2AMN7SXVMRK0PS999817NVIR8UPS4HCJWUK131IL467ZGUS3P3ERW24VXJ64A4O0YFXGRIGX469QTGLZKSNZS7E6GN3MFATMTTOR0NR1HEPJ5C969NG078OXHBORF4951DIGW9EDHCPUFDWC83H1W5WZTTUBALVXAV81D3OOD1IGSRC4L11L8K0V3Q1IEBO8RHPW97YDO8ERNRZLPDT
34;MKS6RT1CFSK2QO7XO0CBMZW727PMEFSZ0DOM0X1AZWK8OJT8301UEIVBHKRPV31G89TU1AUOHKU9JNXBC28R9P7TFZYHFPS4GK5NJRZGKJYYWMVIAUE1PVY479AGK9RCBA67SRWDVCAEUE5XCUUYVBB35NWNS5YEIPX2UVG94N8DXZZN3KPEAFANULK7VEMIAT29MX5NNW19BFQCJEXS2EZENK6DDLQNTLLW0T2YSYDETQIYXULRU1FKA5Y6IAF
35;TI2FUFMN5MPJPQ5AIO51FVFZZ6SM4UC7M2YURCO3ZTHVQY17KB9JIHO3D981AROIA8Q0TN499DEPWD1C503O9JZHYFFEZYADN7G25RSA886W0ELIUXOX14ZE4I6DLS7ZTFLXVD29XI93105NVHV1YBLRDRAJEMO2Y5SNN7CWNPTJLXBPAQ6ZDVTZNCFYJ1DNYXPKK37T2Z5ZSJDUCNRUAWQWXAKHJZNC99FQ8QKLZOEML6DFIDGRX246FZZOGHC
36;Q8YMYYGK8FU049I8YFIA2C6510YEHFQ18L5LPRUOGBEHQ0YDKL2PYZQTQME43QDYRKFHE6W3KLF0OTPA4JZUUKLK3ISYVOO3AWUJHZ5O8GXHV4AU1FH5F05I47NRZOZH8W8QHBG4U9841E7O8JHXVLAHZLUTFU8XMMJOM70GXMRRLTQEY4LX2URHSPJC738YE8YQ3XKF9AH83OD6PAKW6CEKYRFCSOFKIR08HYKBCSELAP1VQWS57530UPI7BB0
37;QDV2JMB8ZI6A2LMTU1PD92GGI9QIY3M3YUYGU57K62V5QFV6KARWREXWP202MHTYRQ2JUEAWPPF9Z1082YWGWHZYMZ09I1JLCE8H1WVTESRL4CM8K61IGR5MRKPORYJ6AVDMTAHKMFEQJRTEJQCCLELANV0ZL2AIA4EONC88XEQGCM7OITZFD0UNVAOZGY5Q27RM8K2VS8RVRWJLGG5BD5PY8OK0HN4RH9HRMBR42S14COWQ5AVE8FC0JDA5APL
38;EQI8GZMTZ5U9DNXOOMJLFXKR4HR37NP4GXA2FOU7KJJB08311SS20YLLJZ1KVTKSM9TM9TY3XPHKGFUHCC5K8XNKU41COMXYXVRGTOB8421YH9D68NSBGZVED0P5SLQK8SSQSOQ41LW6MH1FY7RVG6PJV4P2BVWR0XQK625CINO8YVRX73WVK1TKCQNGK6S21YSYY7YHCOTEWULH7IO94MJGDSVU35U1RQY9HAVVXY2K2U2LN7PP5JVN58DZV5W
39;WZ6317AV02114QZD0FXKO15HS8XX0SB1NJL09CSVJV3U17EAMIA75LHTZO18NF398I0W4G2YSV67JC9IRBVQUUPB3QO9DQIDA86X4LOOELB5Q5M9POTQ5LYVUVEBOCQXHMX0999GSELJI8KPBX0PKBVZSKPRO0570CWKBTINY340HKHQV7Y8CTAUKEX4CMPGL410II82D1LW9D9WU1IH866UMDDDLJM35TGNTVOLLRUCTVKQIAHM1AWAJQPLOG2
40;AQDZTG76HE87TJ8ZS6I3QJ41C8WVAKPLO20R35RB64G65P9WVN5CTT2P9HDU6W3S9JVMSA7XAFVAUW63FTIQKHZ7VRL106H8XEN2DM0K235WHWX8YZ6IW4AY945BUZANWRX9WYX7N883WHERTEENIV6AKE4NU3IO84AWHCX90PCI95PZLFYZRAFN81NY2CW6UQ4JBHPDBOOPRI3ADPNFNCPE26WCWUM1F9T4O03SQRXYEIAUMYE7BGSM27DQXCI
41;729LOGWAKSUB1R6ZPDZ2QTIWK784YNC4DGQZIRFD89U4I8S4KBNMTQ1NPAR01I0GFXZE9ZLSKZXE5FAM91ZAXBOQZLY5CL827U7MSOKWMSCSG6JSGXCI6AY8TR0BDY8FU8SWRCCAW2XGVG42G73QUE4HSJX9DGD1GX7HE8TOTX6GCKKDJL0PSL5N4YSJH8A3IVE8R5XAIEF1KDSFKI8ZC3JJ5H7SDA0HPV7JKBHM0EMEECKDLECJI115ZZMLOQR
42;CPUHSSQTBQ73MANSTJ6KG4G0CW4IZY19R8DPU5XIAQ0HNX9H5VJR2JV3TKLVGIOBFT8V8PN4P8LM28QBRK640F5VARG7XRFSCTFC3TS82FR6NZJ0WPMI0J7FQPO03F5H4YB43KV5XU6W8Z22JDMM5I7TBFFNEQV7PM3FA10D967FGE2UM3K570D73EBGEDOLIENOBP6H5Q4VUTLRNC0Q9ALAMWXG8Y18DEECS6YQZA528N8WFXIA4O6K6A2BZ0P
43;1S0Q2QDU17X4OBW7A81RKU3YD8VWSQPZ474XPTJ0G5FHE4R92BFYX3SUA1WJTUC0Y0A9XFJL0X67RFMC92G49LAF96XL98CFHBTCUA9ESKDE4J6HHBKT35DGKVY92F6WGWWHW50X6FDW3GZTTPQ4WCRZEU48RO4XM3Y1457YSOCZSXTIITGCE16690U7AGCA1EJW85LUE9122ZN2C5HJAC4FVTZBHHGT4QYBWZQ4P6AAY79SP08BGW2DBTD758G
44;GXDKHIXV44R83O32N97A3129MXD37TEHHPBWO24TRAPO4LDTR7EV9W2V7PVLD83MYGCTODPC44HYCHMTCHMX3NIE0JOELQ4D2B086K6JDFW65PMZGXLGYCHPA5VWOVRVPTQEJFAVC6HDYUI9I46ZSAB3P0BSA2U05C2IUF4YG2TF6PZGT2F0IFFNJPO52UUHTN08TQM7873PTRWKV49AWNL6LPS4X7S3PH4H3XT9ZIE9J6RT6MFHB6O4OXHZT1E
45;7MT911H5U2W2N70C3IQ2BWZTLWALYM8Y7VNAP0XAH6RS1UTBHAP1NEOGVUB7F4HPF9IXNONBISYL3ABGA4MD4THBFTCZTDZPU23LGMSW0P9BTQ3699NUBZ7K855RJ62YAC2CP1AI6B9SYHQD15GDVDHLKM11T317CZNPL02AG5L00FI6D8M3XI3Y6OMDSH4W56EY7GKC2CLGFB512O0HCZYCHSO1807EUE6EQ0Z0YRJ5DIH9UCB0BRBGQ7QY7AP
46;EH0B9AECYAK5GVUK5TD4X73D2JRQ6ZNXHOG2AOHX8DKK7DJWNJO5BXLVMTVFES0CQ8PUXH2YGIQ49S4JWC2T8EOBANH3LP21OR5D8T2HHIDE318YYIU146LKVUAFWVYHO1EGCYDHB7LQYBARYKQSUZWS38A68OJH7UHNVDORIP39QPK39VQI29YTB7PFLKR0KNOW9DEO52VH53SZVHAN13INITV5ND7YE484N40PQPAAYRXMLMVSLTEY5LSSOSR
47;0KH9WR8DT96EMNB1YWDVOLD3OF4XZL7XBZHNMA4AEBJPK2NL8VWE9EH7UHNL93ULT35MZZ8MAJJ94Y9Q858NI11ABMRVZ84FIDFA9N6PVRIC7U0BFAD95DPQ1IG7YMNP27DTY9EJ5EZGI3PRQRNH915REXEGL7U60BDSHQ977Q39WQLS00F8WPPF8FJEL9A6ITC0WFZY42HO9532SNS442B9XZDB8X1G5YHO7JALKMILPE3JTVMT7RMMD6ZQIOU
48;Q10JPT9H3HR5P8F88AB1BLKFZEDZLBQJWXOMMSPUCL1JZIVTNRWKZBDL6R8G1VH1BVUOXGBKJKWRS69E8CMKMYHZUZOSSICWX8K9N0E1O4HT4H9GLFR191OKG00FLK5S6M37CACI667P5ZPG5ZE4CM4X5W9X5ML5RD5WFE5AETMEIJ1CQJRX5O0RTMPBEI7N9FTKWY0J0GISVJHYL7YDR096QLTNMUGCDSA0EJ1T0I8ICX8SE9L9U1MACW4LA2B
49;I9A9AP6PVTF5WYA55QE2O8GV62A2NIFW3OZVQ9PLFXNT8BE5ZJL150TCO0Q1R6IXLM3WCQ9VPF8GXXWXIWU7C9IC682KTXJ107MOXDE4IVKGCMCVKSOUBB7AEE4R3MKQRLGLMZ8ELSL0OUDNHRR90UJTNVC9D7N6WIO1QRAA9X9BOGLA6LU4TOXQ878DUGQAYQ71NXNACSX5UI2IHYZMH24JU2X77ID4CDLHAXLV53QCXST5DONTRJ3A006SG5J
50;G0VZ9UVPN4AU1CBF0CP0GTGFGMKAO27PPYLYSWIS1OPKJGPJSMV9KQTNRDB33OI500FY7ZZZVJNKVX0NQH1E94ORGM9N230CNA83YD1ZO092J5PUVVXY3YWJBWAWAERQGWS36D3OV9H9JKGB8NW3DXBDTTBSTCNKPA29P23M4ZIJJQWA3SXSUANWTT9A2UM3PB3MW6VOJXQ1E67B6XVYSWWK4W9GRCX4CDCP1OGREFTT3O7TIVAK2066WSPGXKD
51;4FUR8RT0EKZVZ7QHYL1VJFIA61IS5A91FSFNJF540CYG845HYCZNRX7YTF2AM89IR7GHRIHU0YZX8CA3JZDTXSESTGTE1ILQXY69V9ET8HF3Q7E2ZJKYB05698N3B9JWONR0WS4PIEXISW3U9JUR4UHWDWBQFDU00BCPXX7L8JG6XM7TL2WY0XIICWVGVN37T1JJ5ZE9WH1Z1X0HCE8QG8KN2RK8TI8NXIM2MNNSNJO1DBP9I3HLUAP2YY4N0H1
52;XJHA83NVCRKZO43TIK4ZXHXGGWCWNPA7787Z7AEEJYRIMJNVGXJYYWCC24WESGDN1PIUP9M2VZQY5LWL47UQJJTO668L68XR2KYPE67H799UFWNLNWCDQBVRMZBN79II0NJQJIF058EY4JGBAT1X8ZYUJDO4MPMQTY1LG6WKRL89S8HHQCZ6ZW4HHRUQQPN7IKUEBNVNCIVGLGVD4Q4KKBZMI3THYK9PHTGSDY9S1RRJIM1S4CUI28K5X4D1IJZ
53;38A29P76UF92Z9MBDOA7B3WSVE4S1LYW93515A4ZSDM0QEU95245DSGS00FZ0LY9MVSVY4JPHPMHYQP7TJZB89590KU1XQIBJ5C356PA98JLMCZ7NW4NQGMDWMJ0EMCT62RLXDWZ77UW73K5ZH2KLYWAORKJLFSMH83TTP8EF0RWIU3TX1WMXYYCEUP1KQMFSSKUJ7MQW0SG7Q80KP9C23UHDB1PUNI9WDR1PKQ48IPNJRDPELWDH0YX9HMOMW7
54;JXXFINZAAMWLQVZGJIAABZSKP146TE4AV9V6O90FYKTUAZWZHBEZCVNZJCKW6ZVJ5Y6BW26CGXQIDZ7LFKC9VKB8QGNTBFWIKN5HRD22J89L5H7MNAS1UD395APPZ679WDL6F21TV78I74JGU41OS4D72IWFVKECFPMQU31COCIY8DT62H6LTJAPDP1LYU2QOS07CKRSYRHYMK88SBZQW077ON61UW3CJE8E62HWN823VI5GVL4J4NGSF7PTSZJ
55;BOCTUESHG4J6KQW2H35OUT4KPZU55P3XA4GD85WERKSCT6G70IJCI6VZZC4TCOFEVEJKWR38Z1LV01302GP8I8NKTWVNH19LS5VQA3SCBJINEZSQH2Q20ZB6M0LU8AOWBSJ14TICM38AUHP57W6HJ9OJBI0ME2U4PSVHP9CQFNZIMGDG0SBIZ169YFN8WB761THKIPC2Z1AVBKSKH3Q1LHNRUZ35K5VV9R2U6Q1P20SB0YJ5M16GDN216H04B7D
56;4XGBDP7KHQUY3081MS5SOZ0TBAJ4RDQ8GAJT7OF0GPI2D2A9VAEOB4YEJAJI9OLXZMN4PYN2GBW4B5GQHW7JI49EX0RREI3F2GYHG1ZOMDYIKI7750RXJS6F93C1X9O9URY5IBC6RGZBWB8H2F68N98C3YSXH737C27PSA3NTVLJ5ZG27W25W49E5SQ9YR6UUWV4GW37XWQUVCU2MHZZ231PNGA5ESEIZQVIKOSTGAI4AZCGOQKXIGA01HDK2VA
57;W1J6DP6UA75BQ46EZHT1AMPDRCOE14NYCIOV11A3L1F5RUEFZDF1JE5OMEE18TRPNNJFHHQJP08F9HOJG4QYLEF2NJGC063J9M4427WYV7WKLE4JR0GJ01PHMRSRPRFIMY0D1RI6D0XE2IG0HJHJEPZCH1LBX4Q5G3GZUJWDUCRJQKBTN5TN13RC9SQQS40ZRO8LSHF42FW7V12SKCVF3W72IFCK9B4JBURTHE63RCPJWBAU5L8OB76XOPAEXOC
58;8M9SKX099YVNCW4ADGDJDQF7G4XNKY4LNRO7VFW6L461BRNJYS3S4JDM5ZSYGY3OTKWW9J35JIHU1BRB4M5XODM55V0SEX6GCXB03HYLZ6WDOJMD6Y9YGROALVMNYRQH3TKRWJDBHU2ATQU5X6M0ZA5EMGLMPPP5VMU1S15VKHUVE77LI11IZ2URJOIFW8BETMV88RZYW43O6ONZQ99A16MYPGEJYBOA59X8T2EPXAXDUKMHSFANTKON6DNY7WI
59;B2Z5SLCLCUV8Q5VT6A0D6SM41W3BFK9X9NP99M1CBSVQHPWDD3X6SFVC2Y6N010PGPAGNX9S9C1L38IGH5P3ITISRR9U9TX2PPM8QMLPKQR2QR2912E6ZFBNWCBO9AD5AGDQUGDCNCW0DUWM6KPAKICECG3OKRUW3TU600H9QZNJAF8D41YJCL6F35ZV7HD0HA1JTF2V17VWSJIDMHH22F9RM5WXBMVET94SA5WJXX527CU0SDGURH0OT2L6CLK
60;FI55G95Q0FTII2W00DW93SIV1PML0QCDTS7R5RV34S6BLXOE1O2XVN9HRBZ8U0JRYAS6IBXRKHR7X9AUTV06KYOECQCTLA4770Y9ILVFXBJG7NY2BB0THSASKFTIF0Z26RZFN30SO2CID4C0CVPFZOCGP17HTJQFZ7RJI4UMK28GJ76FU2JIZ6SQTC94EQP4NKMUHDRQI9DGYM5GLRKMNV0ALVL1QLWRMZMMG8SWRNZXC3MVHOQRIARS38W7UHI
61;BWA5V9IERQ1NCBJEZFUJB877ZDET5KVIBXGGLUP0O663B1VGX8WYQPB4O1WVJ5Q22YWQF9D8IFUPKL04BRIVJK85HQU6B7YIH9UMSKOFDWW8A4ITEUFVRLE6EC66QFUKHS0QJSGMPOVIBC16BD76CXO25QZT7UR92RG6OM4RNC8J05TWJG77YQLWKX0BWLZKOR949Q622Y6DSMZEZV1GPO35I3QM11RG6333D0YJW22CXBE4RKJLRU75X3GQORB
62;QSCH1JAP59AGPP7VDMYB6NK4N9BLAC6JBVDRI3TUT44K0N9ZK02KWSE0ZP03AH7L7YYMPBLEYM54RMHE8ZCDZXZ5ZMZYQT486TGDCJ3K798ARGL8E9AQD1ZC24TM03HFPBOLMUB3FH4FLDBIGMQI5W3DXVPXB4K4GGL7NKQ4B042D1QU7L4AAFK2RD8CKQFF3ZGGIJB5Y9VGND7XUWXGN76GN5SAQHOK0284ZI9SKIEL2TR41H89LLX2W8TSRUZ
63;CTYF1S1LO0Q2ZPOWAM1G3B6BNXJ8H563CFTWOQ5J26SV079G633QYMXY7NE55Y96W9VMFV3IVIUGNLCMPGODEO60YWGDXHSKKA6CTWBLV5A6MJDZJ5KP7SCXI4EGWPB9FCTY1VQRL8W87TXMPH2PEAQBG43R0K6FF67KF5ERZKFOUOWRM4XM2U0MKOGSWBHN25I0EYWM6PKTQ86L6GSNYOJ9SXQOSLB5260CMAD254SCLBIVJIAAPIU8PEANATE
64;UQW7VS4I2NECA0D4TW36DFMZ5CCWV4TK13FG6S2SC4U2ZCQ056C5S8JXGP02Z84XH6SHCML1G2CJ4LSQ0PH4HH1LJCWCLMS8KA3006HQBK45XMK7USG1078G2V9OZNK3UN4314S9ARI6B2SK82YGR534Q9UOSPXZWKZS2J7SU3T8B3DRIAAIZKXDXL9Z1ZPY9Q7OWCY6EDP6B3LF0KRA0M74REZVJ1QTXD7PBZ1P8RLCQDSN1M34S8TDU927ZZG
65;PRUVXY7PHKFFQA449X3W5Y1AY8W99N5BVZDDRN2XMPMJFSQ1V21S08FZ2Y319OAJ6NBKIEDT72ET6T9FHHFW3108VT87KDGDXVAIRSSP026KEXUCBE11PBMR4KZWR1ODYA3AQ4VDO0C0X2Q2D22WH8SV8NKHJ62U539QD1HV7BWLDZ6XE9EMGO7BJ0EB2M9TZX109DHPD8NO0ALETK5503CQWUBU57LQ35UBWMGQU6D12PKYU6UE1KRLQMGS75R
66;YKFD6YNKC3MMBKNKIYVD5GXYWWV8BRW2ZVSKIV4DIPNCSHS5ZUOE1XXMS2X1609J39WNDTG8U0QZQLEE3PCVAGPF4I8YIMWVJI13MUKP755J9CYFPWPWHAX4N32QSOE9XW2I9L3I7LIHY77PM2JMAGXVSFCXJACP97XCKNYL24L4J8ZSPXCIOUBXMI9WNOSG4H8ST53QKQWDDWLYSMEVUIEIH1U6NBDZAF32LXP5YTMGUFVJSFHEHKODI8GVO8A
67;49TI61ODP9574I4X3EQ4YFI0WPEZ8ZOTJX5SKSDUEOPJKN1AIUTKNS2064LB0MOSAZ7RQLL41J0ECPE3TEPRPLRF5AR2GIOCIXYAFHEO67A7VYCM7GJM5LIILLH0AVIRUQWLAAABRI1RD4MY2SQAO8GNMENBXTYU3ZZFHVMTTSB4VEINGUZQ6ZYCTAUST3REUNPXY2GU5EOWDYHBA1ZX6G38BZOTPO4XTSY7380839KPKNW4GJXEV7SJVXSZB9X
68;JD06RERD78BQ6PQF2CCFA20D3JFQ429QMQ1FW8IPEXIHUC4SGND5YQB8BCA6KB2J3EMJCZA5SDQ8PJH51DCO70HR5Y9K600K5JMVMTNYNXVV82MLGRWTL6WWJVT83VN49884ZD1NF1EDUM70KJC96JBA6WBN6O13NP77JIJHRFD2LTXKQON21NCJ9A53Q7JOOLQQ23T05PO3VMYBENR0T5IOBZT40XWGMVH6Y47JJVSPOV10MZ202JLLI8LEYPT
69;ZMYWUC6VX2S11T0YVIYKM3K9UGFBR9IDSQXUSABFIOY8CDNJIC6MKMFXFSUCFF5SQSEZP736W6AWKS0NYD4LH4QJ4Y9JFNJIOS6VAREIRYRG6K7LI0K4WBEDSLEWXHBSKK9J1V3RN16Q9EK1LUKTYUAM27TZI5QMBTIWD32GZCRCUCBG7LJY1892PLBDTLWTJVC369SQCGSMO896XCQD3GHRLUM2VZ9VNS5QTVZ7L06L47A8UORZ2NJTH2UY0SS
70;LNY4WO1IACBX2GD6QRQFRHOFJH2O6GFE2CF2KZ6TQX2XHBRMKQLNIFE602MURJB1AF0UP6D7GKA17OGK92YN70K8FE4CL093ZKZQAGDFOPVN3RVZJ0VKH26NCRQK9KYRUS61182VKYG85DOMW8S2164T8XAVU5VV6RID47QE1DNU8JEG74T38Y3F43TW28HJKHN59MGHMRTXHNM9A5YL079O52N2LMMJJU0GVILSO2Q1NDFEE2F815Y9XRZHGO4
71;G1D800JDTRD25HOMX3LZDK5MW81OA8Z89XH6YEHQWUHQKJLC2ZQ7ZW81SYIDFYGEJA5AY9GJL8JITBXDTFEK5X7RXLO9OHR9IJNQ1H5SPFP5FMMGOEJ608M0PBF9LWBTKJ1EW2PL22KRVGOTY86PNW8U0VYOYG1DBY9AUIPJWAKM9EW1FRW05J8ZRJPHR4YYTU14OXD88UJT5WN2CCV14MFSWLAUF5WDENY46DES1OCN74MIXBOLGSO7QU0MTPQ
72;IISPJETNPFWWRD1EM17YLVF0PZVLM5YSW0XYTRESMHCYX9CDABTDGZN0JH5AFQTZV8ZCGWBWNQAKB1U824XXW6OKH2I9EI4EWDD3TRH4UFOUFJL4ZRVN96H4Y75O4HEHFUQU491M0Q9R47IZ5B6SURA64FBYLCNVLPAS7AHQXUHPBWBCPY2HUB67UV4AS42ZOG1MY2V6C0ES8PB4Q8YNIG0LL09WCQUO0DOLVP9S8FPF7IVRQ8VFJ936LTXD8NO
73;KQQCDSITHONQ0KHCFFG20ISFCKVD4XX4S0ZVV0X36IO84CFXP1RH23P3VVLZVGPSIH5Z02UE00WF426XDX6I9G0FQMEJU2241ZHD299EK35PLU50YZOASG93NTX4JPSYHYOWEUOTRWUYNWV7XGHKBB82ENXH1UKCZ443YGQSGFNM8JK8YTYKWHVNYUFYK7XC1GELKS748US3RBNH4FDRKGTX9OHT5CN8HZESJPBJAZRZ4HNH8AYV379IYHY4CDN
74;3O561ZD9VA9MCWYIJ9MTFUX1WFGH19LQBX3BBCKBI01BNBMWN1DDMZ1FY6WZFDJ9J5LWP5BO5OZL1KG2NCQTETJ5UFJ1XYLAPSZMZQYZ3ZQPN1KDVS3OSR7FC6ZB6XQ693MGGKJS8VPCUGKOGH0OLVQJ399RGJF8VY4W4GQD8Y7VZPL9UGX5PIAFFGNXGCAWP7O3344GHNHINOSNNBLOUWKE794NJ4ZHEZRWGE71N8LPK1WL8XJP88OFELXOLGH
75;NFYGJMVSHK12RBX8WN1K8RKSAD4JPB0R3YCSDLENVNBBZ9GZX49T29IRFMWSUPWNHAQ5U5DGI9O80Q3PDAEC25EWK0B0BEEFGXGEMW773Q7DWLA3NGYC80GNGLMG0W3VX2RLLCBDYA47KW8KS5A369ZLQXVPMY1UPZIKTECU3PRKE13GOVGY25WO0K8WMZG0AGCBOMJF196XUXWM935UCI4IP77CG0WHC1RH1AL0KCVT8KIYBEECOY1HOOSVRFY
76;BK61MSCW4EBU9N06Z8N8GT3Z32Q7RX5ZI8Z0GBAMXQ0FVAJ0W2NOUTLKWC3Y16AEKVNWORKMRP4HTZWW3PNEMA94GWT2RLPI8B18CGMC96XDJBE8U0B0NY08GMARQZIUSHJ2A965KPA9YKDO7HSVSMMLX1IS94413MGTLU7JZGBWHGJPY4K1NAY6UZKUPK8EXUYK07F9X9O75NKFPUY8BORS3JPHJE9J7KEWZ8P2XCFFT82ZF65K9PZ4G77K0J5
77;J443LHLB0GAWPJ4SLUTHJJ7NT10HRLA0AVKSQF9YJJQZWEWC5QGDHAD454B4PUHNKQL9SCJ623ZMUI70YIBD0BXP3MHXLHPNXOD5B275LOR0B1AWG6NZZVMA4UTQE6UWAYVC9L73CFQG7RXV785BEH9ME9X73XNA0ZAXDFGIIGGPYPLKC9DUSNLDU8JQ5LERAOLJ0ARI7UQ55CN67KP4OZJDJW1SCX24J2QLMY4N2CQP6D7UEDRR9RBJLRX0ANL
78;7MDHFBXPYH2UTGF4NIYLJ16NWIM4GOVW3TWQ5EAOZ74DITE0X2ON7G6I8IJZGET0BQOY2D2C6T0WPQRIZD73WGC6BPVOIWOJUR3R99VEMTLW5E6K9EEFQTMBMF3NBRPG2EGA4S8SH7DU1JVR4TWAX237HSMOWLADYOHU05PS9FMCOTLG8D02FUY4U11I2E9YTLYFD844AYU2F24TXG6F1H0X3U568X1W53B8LFOHOM5PN42NXIBB5J46VJRQKKP
79;IQP78BGNAKTX1GFWYPFUQ91V7O0YQJZ7ZCMJEQ2ODJ765DSBXOPS94QSPJV89023488YN5PPR7DAWWW746Z8SRZ1QNBLB5MZGU90BMHZ47ND3NT0UJXTYS3VJ1OHRI6Z7WKPHKKMTDQUMK65UK5AFGOMZYCHVFP82AOHJFM9207D4Y3ZHEEJ3WVE769W3KZ28EEDRAMBYEF3VPQAHDH4O2F6ZOKZ4NTP7713M84DQQDWH9IFT91G4TA7ZEZ0GJL
80;JAAUKV8UINKK4HJWVUWGQC3V21E248K2A9ANFLMCWZOT5MTQ20K65CG45T272UZ0CH4PU0DZLR22UCZWLE4SGH27EFGNKGV70T2OIJ8XL5Y8X011ZF7WDHG6GD95WTSOGD2KNVR6TUP38APSXN8U04PPZ1T5D1I4V5ASO39LKAKBSD5J0HDFGI6NLF1JV04MBQN8EW329ERXRFH3DPLA2KGXRCVA7RHSUN2GOH5TCX9QKF0KTU9E89HCY133XT6
81;QGT2U6YXEW295ONJJJPFR57D27OSWEBQ7Y3JT97F9FBACWO0HY7PCQC3PQRA1XOTBOHF1GSLK8RDLK1UMG3MS8UWMAQTQMZ6WD66SQV6UED77M07CAOXFJH0J7KHB3FCQ7QMSMPT9PP8ZZ7B3EADKVI9K6NQ9FZ1LGPTY2TECR67KPPAHITTFR9460FT9LH8QZKV3G1F131YQL9QKRFWMCNS9AKJ63RNCW0QSH23KKDID23V7OX4BKTA120FPEC
82;RMIU2GI1ZPGH3AQA4VYVXUQH3LC745SQLFTMTAUKKQSMJNH94CCIFVX91SEMGNLCIKDHPHLF910AJJU5EHTQCTWOGZZJQEMEPDV2LUWYNVJH79155OZRZD4YWV8JK9SYEUIX1JPI4FLNVLXUQA7ADYRO3JA63F6ZASQ6K7FU45JKI5ARHA6JUBHL7PEZQTURSRB9EN39UGY2S081XDUBRKUMNUZ65TR071CBRLWUU4A5BMHWIIIAKQ7H7VRKTUZ
83;NWUWNZGBVX0F9CR6W6F29HK2QS3IN6K73ESI146CFVCKTMTV8Q3RIE8EF61UTUH5QJWUEVBWD7PTT7QCN26BSVFKBYPBRM67C4GPRGI1WZ26963INKFNRT2EG66XRTHXGQ5406SMIZQJG8QRHHCWY5TGUPSKJ0U1CZL5X9M9O5ZJOEUPZHV8JPP19QWPY32LB03UHDNCUVG0QE0GJLFHS16YWVMHDAVHZFJCM9WZ5Z0ZGF1NRPZWDVJKBWPR7YW
84;FLF995242V4S27A9D5DQ3PDU8AF39H9EKE95DH6HX1WP6AJZN57WNS575MJ3ICFBXP1TZKUF38ERTPRYIQDB0ORZ5VSQIBE1T799ZCU6VSY5R4ZRZ042X9D6VPEOM5ISQ3QJRMNQW4NJDC154P6MK08S7A2KZO8AYBXYQPZTFMB10HHVT6G1YBZDT4BCKLZFA4S2BID8A1JZ0MH3TLFSJ68XD5NJMELLR09VTZ01NFMQR32LBYYQAAEB4JV5DXY
85;0LRCNWY1AEI663VOVOBPMDMZ6TKAFOUIKMS4RC35PZK50L84LRKJKZGD5TIOYBXZWC78MUAGJSIM79FG6KB4D0WISTNY2YVQJTPOL3XGX5UOPR8SLY0BX6PUEUNSMC64LEI29ZMKPK0IYZUFY7ZYLYYJB54TEQZKOR5UTH9DGZGPN6QCOIL1BPEL4VYZKQYE5IIPQR34SLAMJVVVZ9XF5SJRSHEFSGCZL2W1OGO61HGWBJNB1MV7LR1715UFUWC
86;1IRB2TA1CTQSD4UC5FHTV18O0G30JIJZUQNCYLJYUD4CPL547S448OL629BKRSKYYS5FJD4JZJURJLPKTE4ACNA37CL7X36JBKNN9HMAZ4A9V9O0CE4PYLWZRXS6N0SWQDRWEBNOZQXAFQ7W5QBGGY6VGCEOE88LETWTZ53CFCK9V8W0THJC7AGVBKILYVEKO0X94AAT8LX96MSBTAX1ULVE13MPG0V8PB44TDZYG8BA9W83F532AELGHAYQE53
87;YW46HDTW29WIK57PI50EHSTOP9B5QWL8LH0FW0NZ85ZBBQZ7GCY5MOAVYYQCYRXZCB1WAVERWRW79GBQU7DMTIRGLSW3GF8JMCLFXJF7EFNBOEAY6E8TM05CAFHS1BY6UT8I9992A0YLIRBSUMY17KCFPYE2D9AAH7SZYQ17R7AIX6ED0RYF55YSOOWZTGBFQDL71SDYS02G2THNW7RJ2S3QVOAAS1QYKI443D078JO12F47BUEKOKZ54VIKCXM
88;6PWBPOGAKKHFH5H8VGY589Q49MD9CYCMFPAIWL6SX462YJXGN8MOMR2NYOKDKL2MYJTK44OWZIDBKKAE86YT6JXYT249K13RQ9NIOINMK7FNWB6A2RDMC6HDMH0QMTY8UL39IMZLLKU6BJW8KYY3VIYXEXKTEWDTPVHU3KBPTSIVKFZBBOR6L71RKECO0FSSIMADFW8VX0D6VDJSF2NWVXG8KNU2FZVKUDNFCSIHONH5MP1MJR9XEXFRGGBUH0P
89;8LP6PCX6TPEH2CX61VTA0YPR3AXRIXRGRBYA8D0COXUI8P4RR0V9B5FIQ93V9DCSVDULADPIP3TYOL546PJPWAEJEUG0CKZCAB1BOOWZ164Q55JZ37MFYWYHCLJX4H70WPK4DDTYHREEZ47QN4CCLG769P88TRCQRCUUPSYJ8822LP04YL2R0D7JLP8JRLZHAOBTTH0TXI1GU9LSCUHVB4942S0CJ6IXDYKAHIT2G80A7KQXPK3N1T06OZVURTW
90;XQKY03BNN5KCHFOKGCK6E9URZSQYFSVBVXQLY2LYTUAOVCDF3YCHG6F6YX7NOVQVI27W2HYLZZ7A27977TNPUMP7PCQ4N2O0WY42ZIEJFSAQ56K97K359E5617MQYRXA829JNRKSMM2PFTUFVUVM7U23XEZRM6MTUC64QHM0WY55OITR4Y9PX823E5LWJX4KY8QMGJNAETA4UEY3OB6185ZZRENZLXF4H4JYQHJ8OJWGOVPI9IQQ7YL4K98GZYS
91;B1TBCNJQP37NQ66SMR7Q9CTBQXBBVD6MKQYWZYXSPQNA74QVAVSNIG07KPDHICWBHME4I42ETRWPQTJYM0PU4LUH31DHINH8ETT1DIUX32TDJ1K49BBLMUVD2FXBQXBJTXFHXJUP7KCCWPJ39VBPE6YZUAAWXHV5XO92EZV797CL5EUM7X7X5F1P3ZL0N9REV163VRS80ED7F8ETZKV9PQV9UQMKR239GLS85N4C7HR0WC34RRDM277R7QBGMCY
92;19LFFC80LQ0KGFBCMM3B3YQZBZS8LACO5VKHAC9FF3S2OXVC8ENR0IJ1QJ2ZPSQE6DXF5NHOXNYVO62KTWX0WCUY5VSZW4Y671JGA9T2BIP7S14L9IMLW12RKJVCQY5AOHCCZTNWOLGQ63K7XKGT4YSBUF4MZM1OSJ7548YUZAOBL6BZ2NNWTJKOPDWN3TLFVJ8CG6LR8H2LQZ0RAR1LKKXQCV6OK6BRNIQQFHI1LWWDTPMHBZJA3MEITS50HFN
93;CDVV2X8M6O5IZJMZCFO3WYJLU8M7S3K49MULFI0YDW2UDITHR7O4GHGL6QFFAGFX8NP946AK89GOQJNDC3I80EEPC6REU0R1UX7FZ1LEZ6JSU86D0885U3YMBE7J0SVVIA0QR1NFDKZ4RBVR1TEW2GF24H55ORSQW7RQ8NRCECHGKAVU7RJKC0SEYRJXYRL0X8MO36WAKCUJC4FNZ73VQTQUFQEJ2S5LFMC0S1NPRIODU9XKEQ1XJUS3K5R7SXF
94;LUCI7W5H15H3FQQ8R7LYBQSXD2JH13ISXNT2VJAQML96ZASFT0ZG9Z3CZEYOR8LF8HSYRFWZRDC8LL43169OMOPV1T1W73TGUCZGOQLPILA7AVGB1XEBJCLO3LXFTIN25NNCWRUCI5X2VN94LNKFI5QN6TNM5GASA4SW8738S9JWAHKQT0EU0W1NI7V6PAA3D3H2BH5GQ2GVA11BJN4D3FWVOE7RC4ZKG79C88MKPRISEUPJFV5EULKX3DQP9M4
95;71OR1AOLKEZ2HWHP70UZEMZM3RZ93L1LG97VIWHI2CG3DBKY3AN9XUKE5QM2OPDAV71DDS2GS6OMKGVWBR3H2HV23R0E8N76WD9AMI97OT7BPKBYQWESAN17OIIKIY8VO1I3HKOKZ22SWYNZO3ZJH0TBNA0PROV3I7A9ADPH6PJOAZ3QBQ88R3065KHXCAONEMTSAR497YLXF6BRLXWLKYWRQ6N27L3IPAFHGN9065HK56VQ6QZ9WDNPWR3ME9E
96;5F30KRSMQVEN9RD3ZVMS9OYZHJ5IW7Q4L3Y2B1GEYIKU94WV5WLACSN9HRTKQIX5DSDKZ8T8DO9O18H5UWQC7PZQPMWPBBC6KBQNIGMPNLKMTF3M7RU4MD6ECIUKGF2N2RCLSWWJL5RQMH9USNMXP3OR5KQYT21SGK051N553ZR7D0S65RUI640MCUS262Q80XURF2WDDFZ6U19RGDYHTAOM2OJ9F23VHGLYVD08HYOZP6VNBHBK9LWQSQWJ75W
97;7C1F6JNC2MB0BFSJ8H24WMXG2LETEOXJSLKEVT8T90JV61X2FIBOVDBY7O4KCKQ3PR2W8PIA249DOMQWY27O1JG3N91H3EGB00AYQ6W9XN11EER0B8T1IU25T7V43DY2Z2B4RF2A0XMX4O30S5UKMEFI2AVZIALHC716UYV9EHJOBX8HAAXK54BYBHOSMDC7K846TR2TZXEC7DNQSXVB7B44KXNFKGWXRZX1NU3KYYYLDDN23AYEHWRRVWN6NOF
98;9HHFCC9DVEVV735QAABOOEWQPXWXDHUG6S8VQ7HXC7NSRBMUV56GKETHFO1SKE3CHTE887X2L8Z5OPOWNXZX84KUK5XA20SQIJPB1R44HIFJZHTS0B6V3PK4JZ2LFOW0L7N0AOH1V2YKYLWCNSLYP1ZWB59D30LLJJ2V32MHJZX2Q9A3W3HW9WBHLMQIZEBWI6ONL6HBWS3KTT0LS1DM99JBF21QR73I09CLWWTBBG9PVK8H2TOJ1US1YP8OMWZ
99;24DWM38AM6913Z546BN90BZN0IM01JFB1V3JI24K3OOU76FBNV6T1YAL9P46K9OVZWCJJFGHLUEA0G6HBCM39ULO41WSEZXTJVJZMLFDY0VGIVYLDI1MUATW5A72BODHHT4GM9E1ROACTGWTODEUYISDGMIUS3HW4MOGWLAB7E8LB5Q5SLKW54584CUPWP8ORRZVRCASOANYLWFUGPD20MI38GXWMWGL3804LQZ008CSKPF6S36JHZHXI1QJJGU
100;32F9PYWS3KN88HTX47ZOU8U2H35NBPCB9BYL1MQ76NSCSQ7XF47HMV172M9QVKXFF4VD0RF73JUIESCBIJV5VD5H08AP8EZZRX38OIRQFXKDT0FKNV3F6MUKCIMKM4E6V5WQYBM4O9OYG536ZXDQY7Q725B31Z64FFR2VJOA2L27VORXELEUP01S0I6O0RZN5FXYZ3CEPGRTH3L3DNNIUY7Z8X4MGOYOLICNWORL59DGTUATSRVK3ERJW3RSKFK
101;1YHVKCEDY1NDWC3SPY0ZKNIEIFEG1KT6A6URZ0BVCSQV94N9CINX37KB82KXWCBNXPZ02BY27HGHO74N3KAF9YZT1KC0ZFT0S5PWXM8N277AJI01K6YL29VLLIOLSOJHETSWCCH4TDC0RI7WJOIG8DMAO9K8V3XWW8DCAUSOY9E8EYFGCUEUPC22ZK3OTER9D752L69D8B4OE36MYSI7CTH6SDH1YFSEFTEOZBTGMRIV59N0KVNAW84IEB8U1SN
102;JAS96BED7DFKGYSSWD5K5JNO3FVJL4AOMSB4840VB5VN12E2ET9BLBDNE4ITQLWHKGDUQBGH6H4KB39PH60CIQ956KMRKSX03JHQEARBIUJN1F9BZXSLJ42CJB3C9I7EHU3G791QIREAMQSM2IZA6LTBRNV09Q0T1JT7X08XQLIF1A0AISJ28IC81ZKK9MJILPLEZZ1A85XKVI8CRTMINDRE2QR27JC4V57ZURGLL932PBIHJBPZDZDKJKPKCI2
103;G85MQFLYT4UGE3XEU2IH05EHBQKEB04ZPT4EQCLT7Y42ACSWHXGKU05JO4UX75LCHF0KEZNDAPVNZ0LIXW4VJ3WXTYXEM76QS0AR18XO0NVQ9K9YUKRKGVR23SW4EM4VVN8Y2VQPA2LJ0GJMHYZ0DTWQKR7ZNHH2IW115B9TFAM2TGHXGMO3X9Y22U1XXZQ3LYV48V31IX4HE4QXEPTTB655A5M0UYDZ0NPQH55B1XOPMVHF4AQCZU0KZ5KP8PS
104;RWA7CAPF0UEQCZZ3HRDNM1QPFUUYGDWFA15F74RQUE8UENEVEFCBC35PFTQH28NW7AS804INWSYKVZ1AEU1N69Y9TLVT5H6N3JHZWLNXTO6YLSB2VY1D2ID9XLG2REUS5P4AZ1DWYMDLMLV5O97RULFFKHEEBLA6HG7GZ3OECTNOF25C3BURD65BHH10GCGS0XSJ6FTN787HYOU2GOBC893M4X1T6ST1EVGWKYY9IY5WP8G8WJP0007ZEI3Q9HP
105;6XRHKVAS1GMATQ3KWNKUN0AJZ7SW09UYBBAXJM9CH41UJNWNYY6594GG67QUCQLPCNELPCCH9C6CC8ZE6S1A7IQ9CNPR808WAPCHJT87WY6ZU6OV75L28D6YLJUCDOXUPXG967Z23CYRT1K0BA2QP1UT6GVHF7FKA7J0U5YB4IHEA1LWH9IOC1SDWM484SZPZ9ZYSGMYR0Q6JVR03OE4X7JDIBLOVWO5CXITTSSOS68334Q5VYHK7CDC17R2YXV
106;70CX853ZV65N5U7N547HOWS8TXSYA9964Q5OA60NPOBCYMBN9T29MRFR3W0NUEGOR6XI2JTXBYVRNQR7FCNVCEBMLDK2YKT9PWZQKTH71PBEQT5CXHVCOW9SWB2EB3KG4NOFI1E9Q7CZ4JEASY1QKC8XNDMLA4WGTUZUBCQOKF8823JZHVFMJOUE53X2DBTQJH5BD5NJBCGXV3417V34HZ53P3HVCPUBQYNXWJKVKB6X1Z5KBP33VWZ5TBR50BM
107;CG0WSVG9JMVA98OX0T5FTUUU77E7YMO6CP5KZUPC1FGPFNX6516EIRIT1M41D14NNOF1NISYA1SOSGMA0W776V4P47B9GHEZV0F91AQ5TP0B067GD0E20PKQHYR8DSU9S4XTEOQL1W3V3B4QHREK03PGOY1DS80VYVTWIGDAVMDJETZ23M457VBFAVATJTOO6AF5AZBCOS98I8EOGYPRNWPIGQSM650BE3S5E2RC7IM6KER3T1SPE8PMII4T9K5
108;9SDRMRYFUYOV77JOHF0RZSTIOF09FLY7RLEF4V45QU2WIPPMAY9SBHU9ZHAWTA1O3180XVI05OI4TD1C27M5UU9VDC737QOMAE7Y2CSP20RWJSVBJGRILDYDA2Q7X08107USLN4LC9Q2IXUXG2J4ALKZ4CVWFX38X74FC4RM7I70178I8HXU4RD8I96G4TJDUOOTRIHTCWZ4BCUT286JIIOT1956B5XFBB08GUA5JZ15X6NTMF3UYKP7I0OTHRC
109;CNBML1A6IDZ03RTYQ5YS5Q6L4RD9KE7DO9XVUHW12G7TU7UED486AWYEEVM246P8ITX7QW8AADRPY32DQBKUM7WPGWUSOJPZMPSJGJN3QH8941X7067GLKF4PSMQ7CRZCIUWQTUR12H1GC253F92Q81QL4157NLQ4KOGQOMP7CK8Z1X267FA0IT3ABUNM9HMMFZ1JEHNK0IHOEE2CZIFRBQE5I8W8P108Q9K4IMAQ6KJ73HOMX9W4YACLM32OZ6
110;IIVTX7HN85ZW7S75NUE4I52095NXP1CJBJDQ0WST0FS26QUF9OTVADDNAUKHJUIOPG9LIFLXMJFFEX6PK5EEQRS0XQUM62YNW1H3FABSNBYBKVIPAJ8DU86B4G5OW0XCYK14PFSQARCSMY4BIISCC4QZ0RYOD234BKXK8498LUDE5SRD2VOCTCJ930BWPKGYY5K9HXOB1E3TG7S68BXFL5YOAT253IGHG59G1GUK4YG9FGZ5CYQR95EK0L13F5I
111;NB4YO9RC16UQOEGV3NADHV3MRSR1QHOKEJ6XIE63LRF7SA09KMNX3T5IT93EUOD8TTSGKNCSTU020JX9XW0Q5H8KHMBG24MVDK67V87TI4INYEDAY3ROTFGY6UCY6TIH4TS8R97ITZFYXKBYVRVHDLPHLSX2LFVG4FNCF2BWDKIJSIRE0J3NPABR4E43LE8OA96XO8GU3RFGXDMXMR9RA48RXW3C09CE2YOKAIQHSHIT7IOHWCOEPBYZHLDTVFU
112;8M04VA0OHM4BKE83LL0FSV53YS7W6879F7LYGYAL1ZOD4PRGJRG6OMZQJZ6ZO6ZQ80P19VPX2468X20HTC1D4WPIMOQNMG43XGATX46PJYJ6AP04E5MTV2IOJ8JHTMTE9YJKXIFF194XK0A7D7Q2V986Q9L8UFJIF80FXC8CC5UGFKHZM0G52LT85PNGB2HR8DYRPKTWYYXE2RAX123TBFEKO0FBY9DRZ7T6RULV0ZOZDOVIS2E20P4RX3LAQPV
113;60J1GG4H5AHRPY6CRA7A0D0EQVQBPCWWY5CKQUWF8KNDZY810GJB2GK6YQ74Z20R6OXQQ3YJMNECKLH91OWM2GU1JKDLLV1KIU8CIYSJ7LDM3URU6OK8I1WI7C6IYHA44UZP1TIKU2ZF3SJU7MN6GQEN9O6K233OH5MC3QKC4MRH9OQVJASLM00YITRNGSLYDTP95OVP5X92I0T0A2R49VH3VBLJRG7YGUEHBEWGCUBFHQ2ITU80VEELLWZ8135
114;8UAGO85U4DLK3T149KOWJWGD6THLBPWK1AFX3O58O6IOUEKABSF1ICFVF8OGMIHDP0B6NQB6FLPJ0SY03PW04ETIFYGDMI5HXS81JMSVE37SAOSWPMX9WNMBOY7JTFGFWVVKFT2YJ2B7E0Q704VAF2WXGOSBSF6RS2HXW840925EFCWT69KP8IIC99QCH374JJIT0NWSG6MUO9KXHZ6U7PELQWXWBWI1EZZZGVVZ5WA5EW2DWBGPTDAIXPNHFYE
115;O3EWNY8CI8GF9QLE1FWXQFFGGZV24J1T6VWCU5EDIYJSVORZIEDDCTYCU7PCJAHPCGBVCZ3KE3FNTKVKIH27CEQLFB1LBYVLX6YWPYCPRFBKPLBEGDAKM2RWPLPJJ00SWD67RL57L49MQNYEP6IVMMT906U4F8UVGXM44NRUNR3DA3H4HJ8J8BFZ4B15RRTKKL36CSP75JP64D8S0OU23VYF1WZ1FJNXUYMD0OYA4XROBA6BP1NXO3X4KH0WYOM
116;TULXDNXFVHOUTFJROKGW8W21TVEGY2JJPDXQBLCANHBLKA059KGPCLGZFO4PSPGJDA5WEI2522FJSCBLR5UVPFZU36KSJNZGPNHJP0XXNGVNGTAIP1G3MJP86LB27FICPWB41MYU7FUEDWGAE2V0965GHI91X379X0W7EC08GOKO9GUNJ1K0Z5B0F1YVG5CRXPLJA8E53NECXGXDWJBZ105J0O20HUQTCZOA6IB6SY2J52MULXSZWAL0FY43TNU
117;8BBLZGHR39A94NZJI7YOM0IQL34RRXCFYHNPK7L345DOZ7UFSLQOLVS2SGKE51N8BHW6VCJ1SR5Z9QEETGIDI6LMPZM3KLNFG4A8R2ASTTDIEVN3SYWL3TY10R3ZH876ISHXMX1VUOINXWCIB04MLMT6SRHBQXPZUWWWFGLCG564Q8R7DQ8QQTN9HBP4H2B54DTEFAHN52U3101WZLYCMDH77NM6ZK0X87H4KQ7SHS64UWV3G9GJBJT6G630WPN
118;1WKYFUX4DAHTQOZT0U071CG8ON1T18EK4XUSJRD6JRLU8PHJ1KV9MPF16OVEYAHPP7TQT9TZZODMDHP67CWPIA6CZF8L71VXNMTDPIU84VIC40CFL6ZKDLAFZJSKVG8CP9MWT3Z9DR312WHDPEPUKKNXW6HMKOPEA603FYOARQK727NZUHGPKQ2WY4EZ5WVBLJPCSOV1YY25CW37BIFF4JN9X85TZOHJ54NPR809NK6ZD4STO7T6C2MD8MMHMI6
119;3CERPIYARBG5AFQZOGOCRU4TW422G779X5QHJ9YR6VKMR008RZGEIILP75VTFEM9YWGG893BVOYP7Z6SHK3VJDUBV9C21BWOJL0TGZRSX7PNP2D484BJ9C2PJZEZP3D46XA3OCM5UCW4F4OP98HC3Y5ZJX64XQRIEWGXV2LJE8YMUUOMZQ930RE1OJG9KL7222ZYT6WOR7YLZZ6ORVJISG8FNVKJ9SRYV8AOY61U4UWR88HOJ8GWQ0H3LU3ON0F
120;ILI5T39953H4BU4L98LT1RAZQZC896V1OTF334RNMEWWMPKSRG7VZV69BSBBN6Y8QRU4PQVDWCVVJ3H5NMABNY6GPXUWG7D8WW0TZ93DQ561LNDA17QTKI0MLWK5PEFRL7URV6H18BCI8SGEDZ98RY81KTMHJAJE8T0LGG9F8PXFUGGY8KNJYV6Q9MGJCC8ZCD56JBNP1O8WGB0JZMSQCHJUNV5O2CFNSH8HVWWWZOIGP60SJOWGRYMDBFQ5HZV
121;M97W5VELEC4GBP9VUEMGZ4GF09CL4ZX1P831BL1FO2VIGJY984TC2O444LH4R2AG8WXRL4BZCQRSSKJW776NOBCT5R7POJHQCJAAV6Y7IK69H1HFUT4ZGU698LAWTFNBMHKB6TE9L70L0JJKYCG32URCCVS1IZDFHV4WMS2VEOOCUA13H93SXMNXKHB0TO1BTZU53IBCS1XZK1PB51T732PXL555I0BSRE7MK8EVELMT14DMMXDKO8B244WGIU3
122;DFMKU33WT0PNJCMKDIW8CGH2D51QFWQJTNW1U8SYN4QYKUK8J51BGBCD3IO1KTBPK7VNYZ61YP4AG1XHPO9980UNGTPX5RTIZT838Q7FNUA0DIB2XLF6L9Z8RKV8KUL913KSI804B1CVDUYO5C2TTG4X2IO656VBV7FPQHQBDRZPA7X0COV6WZHRWNJ31HY7833IWRNYCAFG10O62OYQYMRK83D7LITRYFUA0ZNL8AVX2WIG7RL83X7WTNWJ81E
123;90YQDQRBGYOJW5WHJIEDCLULQG0PYTLP2J3VAMD96VYJDV4ITM0Y8JNXG52U7A9ESMGDN1Q8YDGZVSBVR7WR9J9I4GOFF2DZXL0JRDQNLNSL6YAEBCB97PTLHV1EYBJPPGTOGWRZAOIQWRWYUJB8EBLA4TVN9N06MYWZS1DN0V3LE2H6IIQARI7OX7Q1XTFSX1EAXVMGRE032UOF7YA2ZLBOIP54HP5ATV212GX5PJTG27HP7WWNUX9ERECU50H
124;IKTS7NOXEKTAAUICA9TZNHTD2R5240M7QGBBSYT44LS0IBK1N1PYHSJ7QEX6ZBK2WMOY2KVG4TJRPVWHOMX8KL0ZM71LE9T76KQ6OQW7DBEZAO8BAVOUEWD5C9IYDEYEB1FDFXXZ17BI0OLWI9Q8MPSF5SZOYFIAKSXFE95HGZZIKXUT1256BHRXPMVG01YAGMJM6FCOPT48E6PO8WYYRMXG75GPJXPM0P2OF69BV8EFTAWZLERK767T2NJGKNB
125;ML4GXQGMZUB2JHWTL083DO6UDS3OBB82LIXDZKL0EVZ75HH5VLR5Z4XVCF57B3QH9A0K2GX6YZ01EMBV0A789TDMVW1KCL9CSUX7KK4LQPW3GDTJZVOTSX4CBTBA9WCOU7V5SQN8EVRBGZFRXK5RII9N0H86S3YIYTI11OKRBYDVXTG6KW8HZCCFCQ3N0PNHH7Y5M7Q2ITTUSS308T2IZFQCOR38J2073O8Q5152QHFVBIOE60AOY8ZXFSIWCVZ
126;0S7YFZ69TC5PYHSRNHK46RGS5025YW5FG10EI7MZLOHM6MV2W9EPLD9RZV76DTP61JR4LVBXHDDI4HUWWRKAUEFLZA3JY2HM1JAOBRYZREKUGIG56W48ZR7IRD596BOLRCMUYFJ5X17EOF0CS3CHLL8MMS8W541L294J5WWIUHXEH309PNQIMJUCYC1TEQ6PPHIJZVHV7T49L5WV0LCKNBG4HGTXEX3HWC3PHURX97XL8CTNURECUG3S1W0Y8NT
127;PUKVZX0FVU0PDKSNZRKLGEO000JMDQNTA9BISL1W5QLV4U0A6Z36FH0CE96SDM5UMDTX2H87429JVZ8GME1QV498MXX5OYN0OR3P0M6SY7985HV1ZNH9VNIP9105A3545Z40PB14CSFQCXTYV1GWHDXFT0J9PWSVNU898WWSJF0OVW5ZK7PIRV5HPFWRCUH9Y8ZROBFH88HLRLFVQFFISOGNNWV9ZL7Y0ONLQNGVIX10PRTSNYI6RN1EZPXYVKX
128;SOPEWERWI5CSWDJBI7AFGBM9NWQ69ZNJTW0QBKPE1MJMT33Y64FFT8DGPKPNWYASM4NRNX0V5OB094JSQ1RTMSZ2DSTH6762423WIT7XUW84GXXGQFA4FLHFSFF0F9HLLVMWPDJJFCGCEA83LH55RYCI0GK45UUFNL748GWEXOPIRPPGSIDEJNJ946EF6Q2MAWZJXS5JYD8C61YX02EATWD8964V2QB4NYMTF7IHUGHBE0T0WR424P2J4E6FL3K
129;50KW2NSIQJLBLQI0LAXK8845A364JV69WFOWG2LEORAZ2AR1RZO80YNMSBSGD49R23DAH8NEM6JY9RSVDBCJQBJA7LX1YVZ1E3UT2KY8E7UWA809N18Y7CL6R36YZ5BWDAFZKICTADQBD14LLNE81WBC8MRDIF09TS7V9OIYYQMFZKLYJY0ZBHWI11O6HWTB1P6DB79KZRAHO3K813B8P04B6DFA8MQ96E9PX6RD80T794DFXUB3113B3D34JBO
130;VG54SCLEIZSV9528JKAPF7UZC8N0VR3DIZLVNL73CKS6J5YFC1Z67PM2UKL8A0H124ECU1946G1VJBS6TZMP24B0MSZD361OIXNQAHP9NUK4PJUHIP7DKB92ZBNBTP99HEGUZQU3ZIEH7S2TWU820DQQTGOBW9MN3KPZ9M3RBFXKWRG4Z0N0JZDDZ4MG7CMH0BSL1N3A0XIV0I86RW70WPG9GNQS3LQIANO3ZAOCOC8KAGIJW9LV1MT5MVD96EZ
131;97QS66XBVPNEMN9VUFLF8ZO4OT62SVBIKXH3O63DFH0VJRUFD6AHO5H1J3ZTK67OW3GGQ3OZBF7PW3O04C48KP1H1NYWI75CADBTIJQCSQG34TYXM53RTNXUPUXTNP9NJ3TQER6G3AQ0WLLUSVJ0P17BQ0X2AFB8PKJ50WMLMIBM8UL198I0Q6FO5Z48M8708AE72N9YS51KH6SEW34TLYZBPG5UXMM2XIZHA6UBU45PKMOSNNLKJ9TSZO0PAHB
132;70IC9T2TLFYDXEQ1H50EM2ZONFMQ98BVJWMT068HDBMAJ1SWLBYCD1QMDKQ71RQ9DH5U2PX4GZPHW3ZM3GE48R43D3QJGOWOTN3X54TQV2XJTHM0GVBZ658VM0M0FI8T40CA4HBAQ9U40XGD6KP8OOQDBLI2W0NLECIOASIO44HPD4WKLAPSTG3WLCBHOOKH5E5U13CSQET6PF19H4YON8NABKLZK1GI41MKYZVFRGK7DCO8YUHW2TAO28TRWXI
133;K4OP76OJ5IIVAE22S5P40AIZ8UHTWE2CY4JMADCS8PWIA10VT2RHRTBKLTY2PRX2X06P6EFPD41FLLZBSBBJE7E2EKKD1E2X2MS0GAAH5MVO3BGPDW0XAN999I14OB98CPVM868IZZU28FO9JCW9GDDUQ1Y5XXGTXERPJ2NMC1H5LNYW318Q6J1GEVLQNULS0WKAM017GQHWGLJXSM87AH9FVMEXY3UT4HT1CYV0F6GS521JKR7ZXTDFE6YYN4D
134;5OA82LGMN9UYCVFE578M7CGXEJZ9R9ZCE74QZJFGFC3CJMBTQB1U2Y8VCXRWBZN8VEL92SJ7PELRS8HSFQH1L2GAN7OIAM6D7XK1RN14XWB3GRYTMYPAAKKCT7UL7IWZTX9S9QAE4Y27A9UXPH7QP7HLE1VATU1TZCA7CLXEO2W9N8F1H6IY07LKCIOOTH13PL99KG52X2RK8YIEH45LFOTRTRPVYH9Y872Y76R2N2GXS1JP5IL76ES6NR17T4J
135;WC2X7UYPAMRDKSH3GBUM83D177BSVVWKI1GLDTSR9VLJ0ZCH4AOWWFX73KRF2CY89YTR31PO6GXZYYA56HOLFDGQR21KP9XHAP8NZ69O2ND2TELN3I7HH4161R85GK4ERD3DC41YJDQ1E4TF5EUVLQ803VP9CX1V10KTKQWZZ6NER9MHC4Y7K94PE2VXIZ6VMB2ODOVCQELWP4DSP4QXIMO2DBXOT25SVUKYEAXVM8CY7P6E3IHEB7S6W75SFMV
136;QEIEQTQGGSIU4WIEY9CDACZ9FGB49RO2W8KZO386PQJ00GT8TOIY95L788GN1WJHCVPMFPJ8FOU8YXQ66E8YY742C65KY0PI2A3H2EG7UPHNSKT7UN32H7UYJXHVTJY02SQ0Y9IFRSC08CONLQLN2NPLR27O7AF38RM0WI12P9OIDEV74LOPVBX6GORHPB1RAQOLAP5CSWVF4ZYSBPSP0HUOQ9RBZ6E5AL96QXRFHXJMR2BOH516K8MIMI9Y50W
137;FOTAMOYMXGO2LKN3S5XVT5U5RA2DS6C7IJ06AP1841D6BR8OM5YQQARASAE07ZGW5J5UTD19DJZSXO6FBHK48BZ19N44UC9LNIBOB73M9ULRE61I1QUWOTA8TDEZAWNLIWL5B0E8FAFMVYDN9PNYBMCN11OZJ81XKXRWS8TDMP9S55KOGTBCD699YTWDNDDO14RB0KVMX38TOI5UT2MKWZF4P7C6BQMX1SJ249L14Y5NYCM4GGYV2L44Y4YXI8L
138;WWE6Z6WZ474SKCQ2EO2L2FIESHT0X095V78WVC0CCD3MLP3ZJ2EBIXHODXGIZ4F5PVSP67S9ZA1M15KTDZXZR4A9W7UX29Z9GCAQ573U2IQCE56GN6EPJUD128U2WNXWLYAU824B5RBIPNXB5GNGZK8PHG62PIGLZWKIRIC1E27BOX7CEEMSHJPB58V0WBYZCUO9FCMZX5UWGI06Y30J3NX1Q5F4Q80TXUEW6J2POU4GGXQXGWCEE5OU9ZFD0BU
139;PZ0IQMGYN1N7HMKTNUVROKCI9VC6KIIKTMMBDI9MYU5MNUGD7NQUAK7B56DUNDN70K8I17X4REUPXKCH5IKH1USC2AW6FT4U5JEJ6WHI0SEAUDUHM8SMOS7MNTPM1SEB4W6P4H8141R5OH0RRWIM5T5E046HFNLX5U7YSXU4DRQ0JY0GVDY4LGX9CJWG3EOJGAR4FD9ZO1E35OSVHJQMLJSN6TPRRWQ45KUHVHIPD8SG9DHMDC59GJ8YVJP5GYK
140;OAIIOA6SR88N3SI77BPJCCFF0JI1ASUWV3BU7DHVMXNMT19NG35HY1DKR7P9ZDDZ8ST1ZB80JOVV4CBLF1S4OBW0P3TU7KKUOHYQPEN5978YXZ7ORXIRNRFTCH65W0M7EMLX1UM2M93OWX0U7A2JXGKX3UE9UP4OJ6MT2415U8XV1MKZTMFOKDXWI5ZFJ3RZG5CX8VSM8P9X287B3DMV8KGZ46UEULL5WQS59ZJ4KTTX8GZRKYX20YO22F1QAIZ
141;UXUMYXRHNBDP6DGOT2KXM7XIP1E8Q9QTWBQHJ7BDBDDRURUU8E3TV48I1D5BZXCVGSHB04ND4PUZNFU1PKWN96UEKVMI8TIWIIA1MIV3KYKC1VZ3QVR502WU1LSAKBF006GFNMC3ONAU66AR07M907EU2H787VQ4X0XXHLSMI02LHGV261HM8N6MQ76Q48B6BXM5G7UTN2P4RVT6MD663CJP52ZYGOZC13E0VBE090CVNDA8R02KIHSNA7QNDRF
142;5Z8GQFLV49TQI7F3FTYXQOHUJ83PN2WOHQK28GA3BMOOBCY5QUJKUV62YBEM411T4JADD0IFB3EQR4IMHD6H37KUH9W1KCYEPZZ5OIPADUUZZVZII57X8A067PDH5Q0HFN5SBZITZE9NLO38RZZ8A6XCF5M0BDT2CGKE10ZHURNGCN2DYPL9RPAJJQCW2CC0Y6C9E6O95SQ45WCM13AMNW8G90E6RNGYOE8YMBUEECPDUL486H6GV7IQ52E0VHF
143;C290DI0I94CEKB9W0AL8GEVX15PEWWH3RF69FE149ZVW0XS2PFOS46GHSC3T8S3ZMUB762DIQWXUYPK88VKXSHN5XLTEV1QEZ3UQQBB09CVKAM7DP1MQVBAE8PS7J0SU2OOBF13RGBPRSX9NQDPUTVPTFG2CIPWKE827CW1QW9J8SU5BX7KJ6PS3ISN4PUZNKIYO8HEVZLCRUY8OI3JGVYXI4WVZEADUU9CYO2OXS4CFOC5YVIXO4A7YTIOLXBY
144;HLLOKODU4Q8LHXO2D1TZRGKZFCKFLOP5Z8E1RZ4QDJW555JVWWA23M9I3CEYS49L6SN0ZOEYPQGVS2WQM00VLHSLTFRJQKM8B55841PR9YTASNJKS2USLFDJTF1YPNG5FWSLM91BBJPSD8SWQ1KRHPS3NW34IUN7VND51FZV2H58I06HEXRZU7U25QD2ZWMP4SFWC2BR8BRF7IF2OJ2CZTDO3SGWQ46T6KFD82QMO7L3V9QMAQIDRNWHWF2MRT0
145;PUIJGL2GIA1OJ28O90Y396UJZ500WECRFN1EQ6WWNNZR2HAUFROB1U3J0YWBSW9XEVLPZOLWI6CLF3ANCOQ98ZXF93WV6UPVXQLW01S0186SUD9L3HSPC2RUIOJUDSU74CKN18DSRQ8J2HECDRVM6KYXZY1DUW6YWARUZOC5UCM7Y31CB9Y1OLBBL1SU348GM1STUFWQIB3SHFQPLP0124PFKC8MKBQ2X56YQ98XE2ASVJ0O38LQLZTMFERT3I2
146;3EGXG27ONUJMGOIY40YJF3FUF3TC8WU7QVPIBCFRQYEVS56O6HPQ15GJCKUCKCDDSMO06F9Q6QVRDV9ACMSXSK3AB7QR1M80OQRRL46J1GN0BZXVQ4KMCKIG8Y0BCLHLX40I4KB4MSYTVZAPLTL5KBXFPRQX42MSKQCWQ8J8GRQ3Q0K5JOGTMTWN6YIB4C2J7L5OG9VSTR9M32AJU9YP6H2IVNC0G4Q6ZP3H9D49T1WQLLJT8PDRAJAW0B9GI1D
147;8K2PO9I97895TDCOKH0SEJ7VUXHZNQHO1ZK22CJ9JSFUS483L1U3W3919ZDJ5Y49Q58B2XZUUUO954NZVFXKE5USCH8FWXC6O6Q0J6SPGSPZQEB7WUCB16RO6LT15JGR54TNLBEZ93KFK9F31KP2IKA6DVHJUJWZYHD2NSHE7RMLIW6DSQBFC1ZMZRA7JSNTEZR1QQG9W6SZ9DISLV8Q1FYBSWYCOW2FAT41S5SU2D4LAZ473CCYM3VW1BLGQ3S
148;TOVVZ9DW8F8R04UYHT770Q47YUNBR1HZ8CUKWE0YXZ8414DVMO5ZVUP2XWREREK3KXEX4MPC3IACCKUB1QXABX3I8H6IPJY7EIH2TZHNF7NQEFGAB6DM0JS8FEJIJYZ2FWYWNDFN86ZLY5377N8ZSKRTHUDPKNOSRKGUMR2ENE6B2YZY1MLEQJF8KLQCQP4M3XR4NDBVN7Y2F5EN2OMURI7132WNGJP5Z8IVUGXZY08OUI99ONDGXGRM5TETKTX
149;YZMC3UIP975MNGV3S6DMHTN8TC8G3WIJA8Z51LAWS099RB5E748N6ZGUBUDOFX3CG6SDRX2EM564OQX6HS0QW0VWDCXNVMN556KSLG9Z2UVY6XHITQP4GWNRC1K92ZQUU5H7CX2YK5RNXUX9WE1YKH2M2Y8OOA3W77O5O7G51M6PXMAV6WZGAB3D0VPH40QEKVXQJ3P4CXZNL3WTFVVJL9B7PHMU1KYT72Y70SIHZ2POM1JBSWEXAJCAKAIONVI
150;8G921HUMMQIIIATQQWK2MNUJBMYUEXL3T9XLW5ATAVPU23WA256C89DKST5ECAITM1AOI24HD6LPJ0Q0HSRMYH0PE2RAMDREEZMPD4V4QFP8OLME0HZIHN4QDW9AQK0MII2KXHHYDWF7OPMJRKOIZNN8QQ3CT86O1X57N4FNVX2OUHJFX4M238VZIXQVE8N6V9YWOHSMTXHJ0VI98FNQZJKR0J2V4VFJ604TQHB8KJDKJAJ7D443PHXSRBQJTJ9
151;1S00DKLKB7HB2KVIVXWF82QSW23VR9G5Y9955SCA051SW6KFAEA5U0TWWBL8OSB5ROBK83F8JRV1V6WLU85YPZJYQ3PF0QWT2ZNUW0XTU1H8IXMVA4GWROFNJOQY78ACISDV234MSPUVZH18OJ2HRY99SLPWX2PO2NIP495UCEH8KIH54KXWBNNC5T9QPP3FEIDQLUWGR7L7A158GQ9I087CX232QGNWDHZVMRY57CSWFCYI2XY3OZS8KFTFIIP
152;JO5DX111TG1XXRKD3WSO69SRTVOV3APBGG9R5MVQ9ARCLWB10N796VECOJDDOVYBMCV80XWRUWS4AZSDI38VLOCJYJ2K1SRPV70J4BPJH02BJ7GEXCLJ41B5542WM9NMLEVLBHG3QJU0VUPEJTQDWBFYCXZIHHRQ5P0E88WMLGI2UJ0BS5O1TUB3CO84Y8WV0PERTKWTS0VU1SCAL8JO001TSEKJZQEZ31XJ4CPFIF5HEMMMQ6694P6E2SF9LF5
153;30X63GN3W5VYMK5Y60TBVBX00FM7D1551DO53MILNXZPEPGK9YHXTQKKTLQICFX2NGXGBIE1VHHH4ZCHV4ZVJOSCC4QNV10YO3ADRYWZX6WSF07CK1LL2YF734BF4Z228C05TYR9NWTF24D9XN40XCSY6WT6IU1R7UXY07LS8SY11Y7V214SXLU2KTP9046RWHXF9I33C4048OMK8ZQPATK7D10NUUG7OCLGX0MW9ALUP3XDG827HMC5MX4CMT4
154;NSGWNPYBD10X70R04EL5TNE7L9PEUX0G3XHUKMTPNZ2EHIZ87VABFZ8EXAGWJRSCUH8W2LC6LN8UN23I2DMCVEGLA9BWBIF0CJ9BCRDO930WRZ5AQABIXFG1EBWZ06RYODSRXWACV8OTUZ292P8O3E3M5EM3M1CBK932SIPFEXCIJ4IHPZ44XW8F71HJ35M95V2ZPOG53BCA8714RUYSOR9LM852IPPT3BX7B8GCXHZ5VG8ZD9LXJM0NZ8KHU7J
155;U0KH0N1TGS6MK0GU8QWUOD5XGUDKKMWQAOPNBZ1M18JE3XU1CLZ8R1JIWJVB3QHHWGEK2IQDYRLF2664N6HFQW7XLGE4GFCAQ4UU4BKQ8A24RNQGFXZJPE72D7O1CD8PIX9M2HTVOR7IOJI6C3NET87YTOBD4P5DQ03VCA4859IDJ39SFYMVTUEAQOVD90ROTECLDVC81UFBYOAKX9QEOPR0FG08V3CQ8661TP3T3EYYU4F4ZBFP5PCPPQ1V7QA
156;KRM1UXWD9MKK5I9UJAF134WF8II5PYFQLFJKGKO48PICIUFM4SR1TG4RDQCL05XVCB0DU3GKJVIXI061H5D1SASJ4NCSHL9EFB72ZIZYW7E1O2DDDFBZ0NZ8AW2BUKXKFNXXSWC1VN1IKKNZIAFKCX2V5V7U53QMT3GRBZKVUC73DR42Y2CLURBT2LGIFVYESLOXGIRR1EO05NAOM3Z4NYEV6BB31T7HESKCVW7T71DQ91W43G4JG7A4ON036PG
157;6T2P2TPQNCWE5SOXROURG60JYGP5Q3NK0FMCITECZJQFY1XIN4LBQD2G1U74DCRGCBI8J9OP2X3H67X0GEE3WGKW0Z7AL68HJ4HD695IETRGIBZ105Y4CFP72KDTQ3OEVN8T82PVBNGMDPOTHN2F1RZYMEJUUN42ISIFMR1WVOFP6HVUSN7HCTT786J68UP7X76CY8T4N1ZMQD8DM7LIBYCSN0HW7AWKV741QPOZ9PFPQ7NZ7RK55C64LHP1NU7
158;SOYFIWZN35959GPOVN1GGL6E0G1B6IWBMT3GJE1T5U4OTJXK95E99742SRWRV3FWKPE7TGPO9MSM7IW4TEGTCNAWK4FQDPXT5R8UOGBBQ8VC0TLHNE6G2P0FB6PDBU52D8VUDMIAHC96CHHCCRMKQ3EZ0VV1TTP5PFUWGOLING8Z1170W7T2P3286LI45CFR7CXJ2DR6I5EQ5ZK6ZV2RY6MF3GXYUE0YOAYRA89ESZ7FW89MFK4UUJZ86VYG3U5
159;6FD6CLX9I5O588918DFDSUH93SEE8ARMJPC5M4SRK6LD7UBO26ODO3T2HYV3LKMI7Y374WVUQB8RZ8R68M1IG8NSZ84BFI65532DGG3UL7I26U0M71YHTWSQ6NTFRU5IFNKAFCYVKQH3QCNQNU4Q5MTGBIJT208FKJWUPO2VPUYODG17N5KQ3PD893BB3KF69ZPHW3P2E1J0P6IGIMDQU4O57D0D0FIJ0BYCZ081QLOT0KFLE2566O5UJT40RR0
160;EWS6PRBG1P7GRVBTKB16Y7RQ6RN726Z2L2OQXKCXUSEX3CHVF7FXP5RS9I2ZHQH4R69D7U6AJAI3V1Z6ZYXAWJ48C36MMTDZB78WZBHQEXLDA5VB195NJIQ8QANKJB8MLDL6C8FIO7FX2FJV6DGVCBOPSN6UJQCYXQJ30OEK1IJ00W5DXS4XQG8KKN1ZVH4JTKOTMJMK8NJWYOV5D9JVC910IA5PR5QV4A2GFLL5HQ142MRBT5IV0Q05J342VE3
161;J9OS73PA1WF1IMROW095RIWIJ3E3400LFQXCTRR5Z0UIFZY73QNV2LDEBY2S3QR2XHMTQCOSHPC1E2TP3ML3R06QEVQNSVPHZF1DDYKEVOPLSG0LI70U0ZZWGAKB5Q8VVK70YOIRZG86ZTBXRQ61T8CCOMM5TVSEXIY80078G20WT5SQHIL0PEVFF7GS3JEDPRDS2XXL5V9X2FZKKR6BHUOHM3SR3X13MU0UYA7VT21HH1PWGK3D9XNXWE8NAWW
162;KBFQIGRSVRTR6PE0M57BOUXWCHWV81A49HPXMHW56JKUYA4Z60L71O2BS3O24GZ44MRX8WDYIA7SBP9E90GTDU4X38KD3O6627N3HAI7Q0J26D30EM963ICO3UP6Q67OQ7X09XV5283RK6AJGUWVY7X1NKP6SY7OUUTX0JBKHTVZ1HYWXRESXJN191R2UWJ9ESF6VQBHHI47W0F99T4AI5YGRG5ZTJLBN2ANSVRMHF3S0S0EANAT53UC4IR8TWJ
163;3UFCLAO0HWTT6K8Z7OASJBQONZHIBMZPS5DXHU21TK8G1YSJPTV925DCR0BPEZEQ20CCGKU3108QC6G402Z8CB0E0CY5ZAPIK9TZBPSJMJEZ3Z2M269XIHNB8VGMG45YCGLA3YZ9ZFRW4Z7UAJK2041WHPEU0OQ3LAMVUT3LYI5IWQG5LYOZ1X5XHHCQJ5PT19SUM52BNUJHXP1SI2YZ07X77FVMROFRYZZ1WX2Y5B8U9WESG4K0HIHAJ6E82WF
164;H83EKH4HOHAOSL6BTHRO6Q5FV2UVQVNPH38Q6UGKGWEIWA6TQMO78IV6HMS87VE2W3CXW5BU2BABXN182N1KCO8KID4FBWJGSN8VB7TNUTO4U8O8OS1DV9KIHW5UFNOU8OEQKSEUJSQZQQ103CPNHE3YAW11Q7LGBKEWAE81AD8AAT8D8AXJ4H1ONRL9W01G0DH0HNZEGF3SPM2QRZF1NC5FXJ1W7I3BNZ5JOJQULA7Q2GUZ76CI2HO6HJDY49X
165;1DES6I980R0NNJ1OV8X44AZ5T6DZHEDUKIKQUPYOFJFI33UX1JLDDB5T4MSBDDTXS7VXOCESCNS0MY9IDECSO8NN57WUYU4ARR5FT2JUG4PA891YLOSG977SYMHDSPPM6PK9V25WD8U4SFQ1CAH8SY3GCAOA5NIY3POR2DNF4KG6J4AA7J6SNVNYMSC5KTBLZ2XKR49XFMNK884W7FC1D26LB40RO4TFIN939GHD6O4KB22V4MZR5T4K4FK9J1T
166;Q2HCJNGGQR8ABWZY7L3SHJ9SFL1OS29APLN73YIIZK25D03YTU814KYALC8XPJN08QIVV97E7K7IDVJ3XWCVVCGYIF37TVB70HUQ42BJAGXHURCHS2YYXO5DGG57EJYY2LNS0CD1RE2JP38N4OJI9JGATBHZW4ORXWZWHT2J7AURLOXWPNV9Z87FBB3U4I8NZKCP1K17SE4SFUBG1PVT9G8TQW193DF4GL0135ZNFUPZFKRN3ABL5X7LIE5K6MW
167;SXGKDB8169ESHL6DX0M1I3Z8093ATD86CJ4WIPA59OXNGGOX93EK7QRHPPSRZMMFQ1SRPLR40B1MXD1V7NVPV3YS5GS1ESSCTA5WK9I9EK69IQZV46A85OW1S03VQV8J0A0MZBYMUWW8R84HG2VXDO3UPAW5S7OYU7XTZBYBQ6BRI38Q8AU2V6V9Y1L8XCCPK1QKM54JK9HWJQXZ8GB1DYLEJJT5DYO9RPLU7X8DJO01XYHJ81XJOM630UMZ73S
168;YCLJ12I9B4RTJFF979V7FDF468FCHDE0APF9NVPF1BI6BV0B96A5ER7DYQA3HACTHQZ8T8K3R76U6ZSGYLKH7DX4P7AXVTQ6HNLS2MI5RHTXMF4NDSJZWTN0FQCXOXAR47VIA2MU2G1RMHFYL7V5GIQ7R538JEWN8S335NV2ZHF81K1AO8P3ZX945RD66T6LTGFQE93J8IZV75FEZN39V8TBJ08VRROQB9NB0MN3CKD6PV700JLISU3ERXVT14G
169;B7ZO9U8BW8QAA6DVV763KJXFXWUCANN8UKZIGOTZTYRUYEE838K92JXWVSE05E1GIV2I8WIZ0QYBLB56O0ANNIZTU0H4XSQ6CFB2WTQGHSZDTT3U8WVAU2OM54KWABEUGUHU78ZCUUTMRHP3RG8H8KRK2VYG9WHQAFK0KVIKFMGU4T8760R7YSW8G185S10KQWUIQOQ9CSDSW9C3J4I8NG2H65PZ3W1BAJ4TUCFMXQ9S17S8DF8O29ZPXDWNFGR
170;N4F5CGUK5RLLFQTBONQJYSPHUBRELO8PU4L0GPEE2840UBTLQJPM73XVYIFVTW4FTRK2GDDQQCCX9YY67PQ42FKMQX2TWF9V0MKO2L1G1HYZ7SPGIA75BO4J8SS4G4MQPE2WHT2G99IWWE3TLPK8T0JDBQEDIINT7CF119784XBQ6EGQSKXLQ0297MEADDDBM2GEI9SG86O8KOYEAQBKFH1TLZMMDMPOJ0ARFIWXW3AIIZ9UU7YGNDBZIKYU34B
171;SZFMP3TBMUEH0DC3JI662J0OTUS0NHVNUKAV0IG853BR5BI01SKU5T9L0JU2YRPMC1U4ZZTNE95HY7WN53MMM1CSBV7EJZ81XCGF8MNG72NOLKUH51QRP0HDM7HW2T0S48I8UAZJB2Z96V1YF3LI1O2SNO3JWE5NS667MJ3L0APHLPTVX6DPF0CX10SYXEK6ILCD7U0A6PBDIW5S9DIH37QHMDJ2JHOKTROTJ03F16EZ27K70BQGLI3SSVG7UYM
172;JHLMGM6W6GL9DL2ZVQL6SUXU7786Z9U7IE78R4IRF7EBFK78HZ27D98232Y8K7JPVRMX3FT05UAQYHQUVLVNGWJ0VV35DCWUCJZLOAQ4EMEEN3VO8N3IQPRV7HB0S0KUJ7R4EGG6LTR10PEY97TWHSMH3BDVZDPWYZ2QA5ND5A9QQ6NEEIX7VXYY4OF0LUMSRXO6XQ8N08I6D200788GP1B1WONZMNUD5TQUAU16X3NMWRNV1T9CBKE0D612V03
173;2IAIFBC8GKMZ9D5K59KCO0MJ8ZEPXD04OQLMVCVAKX8E7DVVZ4EQ5B4XUDYJMXMNZYO82J6SJF9IIZHV8D723YDE5A8EUK7PPVA5RMB2EWKUF1NVV2LMT7NUZX9SYFFIPNJNZ8C5SE6VFZK5KQZQWGX3SGT3NER84WQ59YSTIMXQ3WTCRK5MIP0XNUMBMDA5L2B88BK5FAOD7WA26TJPJE89S7KXIBFOZZZ9CV3XG33FO32N217YGCMO2NGS9RO
174;PXMZ1CBF3IBAAVDFUMUQHECL6A4BRG8SLRFN3MMWQ9L788I6IPN2K6E5KD2KD1P4883P8SJQMHFUJN3341U9DYX2YEGM72LD5ECI4OAB8QODFQ1UIXH5SKYWJ6GNN7Q6Q2UP66P5CIY6OWXITR5QK9T0I729IOZ41NNU3ND24EE8KMQSEV60EYPH7APVVZ99XZD1BQJW709HJYKFM0H0VAC9UKHKRIGB222Q7E6FFXQ8C4204SWZ7934F175Z3M
175;31UR4UQF43NHF6R02494PSTW6LBNRAKSXKN3MRHEIE1DIGXSA8QX7C6ZRTHWFHU5H5GTLCHA4JNEZ0BMCRIB1XGGY6L9603368FD8NH2CWYPXZY0NB9Q41KW81PWZVFVYCGIHJJIZDX9Z2UE9QX91DKAVBEGF4CZPA854MYC9XJ8M90UNOWD5FZRV5MALF7D0ZPTH8QPF7G7KU379BDMM3MRIED66LLG8NFBAC332XOLMZZSWRNC77ETMD3YZS8
176;13G3G07UG44JSNDQ36HVC1PXR1B8NPPL8UAR9QPZJE39RW71S8YO0N2FEJUS9LA66KCHV3L2SVTCRK6HDUAUEIQC3CBJKPF2P4EVSPS3GMF0P0BXIT6AFLQDP9UKE09ZZTK083Q16PL6I1P8AHNFTGKOO285W64KFJDEKICKO2TDSR3I09QKURHLFDUHNCI3NNGRWHK7GVSI3REON8ABXNRMIDJTG17DJD79ZUWMJPDN8IID85C1VC8IKE511R5
177;NQDYJHE6AMXU6NXFOZ7GS0QDXIINFK16J6CSD1O6DVZPKO2MJAA888482DS7NC6Z6JNVS7SOT4USLTGI8HDK8AMRIINH0RK4YX3ISSTH9MMTLALB0V1EN8NXB8E3CYWHBDWWHIZPU1M8QQTJ6WRV6CSPIRLH0W8H24O1ZJOSZF2RV18DI82E56E5D5BKDXGWCIN5RD41M3N9BXQ5J9QKY3E0RYN7HYXVHUDEGSAYU5V36ZZSNRM7GWGQX8UN92G
178;24JBC1VRQKSBCXP4ZRGLDQPDRWPDP1XV9LPJXBTFBZGDAIW5EXTMLX2MWDFH1TXL9PALYOW6P1JGJQXDDQGR831L7S84S2MGWDKDVMWR11FBDJ8U7AHHTLS6X5YUP1FD7A2OR1H4BSAURAPRNMEV9Q269QZSX2PVQPIGFG3AI54JJ1EUZAP3ZC3AWK5REPV28A8PYNRW2L6CHTXDR3CAM0CX6Y9LNBII887X1060BWIG2VPW9A3KBMS2ZQ85HJ1
179;T27W4RR9HCV83G6EF8R2XIUQ8V8VNJLMDFHP000Z2F0VWDHY9CJP27N4Q8XXNTKVAVFCJ1VCEXKMOH2V7VZMPWN5SZZPXM3AV7KOVPOU581VG4ICA2C8XPJX1FF9RFR0P9MMUG1JE6XNINKI916N0613XX0WJBOFDRF74S75G4BLQS2Z8IB6TLL8MNCQDLJ80WK997GITPNG1CXU5GVPAVXOV7T03YTJUU39BHZMPP6F60QG38G3PIXT2JE37SL
180;FQVVHD7EP2X6COVR22MYRCEVUYE44GA13UF2WVTOM2OCCAUG0R5DI5HHNZC4BQDYZYA6QGWPTVXHB154N2R14W1VLRZ9JMDR2FJINAY0OYIMAJB5LL52A9B0081DR30A6620R9OEJW3TH33TNKUVZWJJ2I0MXDLLZB66FEU8QSX5UF12TVOCWV1064OBYQBW4YLNXUMAC6WFDLAD4IIPWWWVIH30XKSDD0LRDPVW8J5T97KV1DVA73FOLY7EWTC
181;YYA4XZNL7JVA6SDTP64VS5MG8KIKRXGPYSA30G9H97KSLCUQ0YYREQTM4HYYN3QVZ4XS2I0YQREIN28FZEZG54X300AJDA4N4DQQVPRL44X4GSO8DYMOU60BZGFO23DUHPMXR1JTOK6R4XPKK3FNP6N4P4CSIZK2FKOGIY0DJBCZOVJJ2A3HV5IHP6VHY7M933A5UL1CJSSUBRL72U1XE25N1Y5IEC466X5ESKDR5U0GSGPHB929AJO3I273SJC
182;N3643M4IJ9PCIJ9ZKGMHIA5X84L8WWGGJ8XCKMJTLSVZNUKGYM3PXB6U04KKRCE2VZQCTI1QUOXQJWB9EX2NAPIA7FWRPCBFQ6ME3WD3JODMZ5UQICCI6QRH36NKS12UG2M1Q06NLN1D8KJWU140Y5ZR5LT3ATQ5M9RHXXR0SI5RFWIB2N6X4UTR5CWEVF14DUX3SRQ5UKIUVAMKBBDZYMIUGMCXK5WN1R7LPB1CBLAHMKV85UXIA9GHTDHDN2E
183;UY3S8N13CL5U0XWLM03NS98B5JTMYN4YXPCKRW4WTKP1SD69J70GAYE6Z0HTPH569PUAXC7Y4XUP722PNYQF9LLRAU1TG4BZ5N48GBDOH00L6GS2RB4KT6DG03IOL3T6IP4GYRF4OBHEW96FPSEZF0MS9U3249MG6W941YMDTH5OP94ONNTD9QVHJNH3IGMC6JOJUHCP1KPPKJC80WVTOCLHSVQSYDNWZOSW4JE9P2WNRB3YSCY18P8B9NH658T
184;U8LLOANF02CUZ4NVBTZPVEU4QAMHXH0EC3JSP9GUPGMSY48IVAJM4S8F5UX2S8DP22GPTOYTJKCU452Y6KZ0QWWNBYQVY27ZOCLNTLHAMQ7W9XNDE3LB2MPLNVKBCEQGPH1PZE2BINI6TAC4RT93O7UX5DTRAXKGAEQ2PEX46X8XL3SHG2FGXEBZQJ7VDNM8CXEUPDWZXSIS7ZRPXJM7L482ES2527SM09ORS3E2WA9REX6CALOJ0YG68YH4I6U
185;JPNTHVVASJ39I6KTLIHIOXVXTB0U3XK16GJOVXIW9G984NSK0XZFSO9BQQ602D636ZBYDPSWCPMBO7LU7LE52W3212YXM1SDHI4AMZ1NEHBZYDTMZWJYUMIYNHW0G0N5R6B0ACPEP5GOVEMNR0C3OG4NUE4A5BYDTI5NCEJKWPJF17ETLHSXGTXCAYR7GIKCPYKVALF2HO4IM6RBG76C5XR8VLXOQQR47HU7EZOHNI6VRB83MNR3JPT7PF6U9X4
186;QEKAK20KWTLFBHBNILHKJYHSTE0FWBDKP5PWQ54DNTOUBTF5U0I3JLQ00FMS2R2EAX2VGTSNVDIX1AIVP4LRO60GHC4XLP1YQJ79G41POL1XNZMAPOW8Z46TV443M8RFJ1ZTMY53ZYIMPREU67FOZUN2I2HSB31SIS8VZNMXFU7MPV4I916H6Y3OTPPP0VHKAZCOYV4I5TNQI1O96QHSD0BDSF3CUM4ZPQGW7UJ8X3AS7DECXU2VIRVBB09BUFD
187;YWYG7LVDJ48PSL81FJ6A8OPGACEHV5D6CCR13LZQHX0G0LF4U79FJBM4WAKAYA26FFS8TKRINC8N6D5IS6RLOMJSP9OJ9VT3SUO6X3OSCQK43SL3TL2P2HT70C7GMU1N9PFC3Z48ACAISELEG1SIFQA6COYTHR6FEPNDCA7B5CK53SNS2KDQCNHF7ZRTXZ1AS1GQLOV8YGNQVMVBNS7TIQWSR6U6OC8IVOVAHXDVQ74VZON9EAZNEP8XZDK8VK9
188;UNO2ZOT8RXIJBV527YB7DR7WK8KIFNO1V9JXVUURVQ6WL4F5XRN2WIEIUC1WO4LL8W7VVBNTOFY3MFFPYB0UWXTBVYWZ6OZFL1K7NS60X2L5HXSRLR524LYJ215YOHDIW4222N0PNB3A1AO0VTYPQMZ09RVGS6FHF1R5BO5AN0TH71L6ITXAIE25PSXCGBNB6O7SFBI9MMYULXGT3Z1QOP7OKVWMJRKNWAF6Q9FAJ28JJQJX7MG8U5Q1GCGNHM9
189;5GZW5F5931QQLTL3NJJ6NF2IB4PEW33X9WIF6TIOJJDSSXQSTRPQUIR41YNO1BPUKNFYQA4TSALN6DYIDPAT9J4021FDUTJICEDN9XRMNZTHAZUP46GKQ3IKG7I2O3TFI6UNMZZ0DHTH0F7U05NNO9LKLD7EESNZM1DO24ZA7D0VQFD1FI2DJ990OS3WSLHU38XWS4D53GWIE51B15U80HQ77X1N1DG5AJNW696FB7CMQJ69G39OM99QQS4ZRUR
190;0W40TZ0GKV6FQXVYGN2KN2NYCEPZ02UGE5VMCJT5L3L6E8CHVHP326DE4KRGPNMS9EF99JZDAS0I410LHWNN23N4DWAX3B4T8UN0ZUAM7MXXHPQOL7IMTCR3AKYSFPFJEV5OTDP1YLQTN898YVYEHA0MM5K19MD8KR9BSZGXK8B5EF467XGWWS2NXKGOCYQP4QEZJTWZL4OLZANYYMFWMUVJAY0URC64RDLU5GG0R2ZYZ4TUUTMA0YZL4UYD27L
191;WKCZUBNBUQW5K6SXM4GIE1AQJ6YRCDV6MZJO31BV16N89CPTEGP6BHDHGZFGX7C3KSDGDFLXFZATADVEPP0JJ4NKUMS1MRBV7VWWHDAQ4FEKRS9I8ZSWO5PA9XEJRSBNWHIXD2HQDHHCL42URL25P4O53VOKZ5E53OULWHOXTHJ0TJRNVY27BIZDR7PNOABKNOMASFGQSYCZAXP13Q1A73X7Y04WNE2ZBZ15JBR2DHUJPQXX26OIBIO2KWAJEJ6
192;CR8GHO8JWRFTBP2TMQGL76LN81ROJA3S3BQ4O7NVHD0C25LEPEWBSTL4XXGW2MB9FF9JW2G3U8NX08VNUNALWT2AUDHD7QHBHNT3XK0QB43R66JT7L5BI0AANQ0QHCZYEB8BEQKM3BTOKT0YLUR9ZX22IEYWRY0MV4V4V7DJHMGI55EUUXPX8ZSAAS5TICRPQA2WHYGEW4PPJO1541H9FEUK1PII06EWZ780VBLGSZIXIA57U474HXGEYYN87PZ
193;SA6SFNBVYRHNDP0NJSYAOIRTS1LL0HC4CCO80QXZ5DFNMT0G5WQ964GSJIND50XERYSIC5BLJFNRT17RXXIS5Z14T8I3H4DQTDYEZ3VU5NMXQJZH2MGX0RT0EZFWI2T5MSODJU8GJK41JEFKCCW444PVC8EHB48NTP3X4DTM0M0NU3SOW6RD7HZDTEQH14UQED3UBVPQRQ5AVN5611UMQ992IG3N5PVJ99C6WZZTT9037CZUO630A4YCNZKI7X6
194;M8YTFZOPDBXY7SKK0DLM8BWLSRHJ8MY7NEZAQXNYW89AWALL9T45IQOCKNK5APZI4X1QHY3W0DH0G30KCM2V92S4QFSRUJDWQKCTYO011SSFQHVN6NDYIRYZPRA16A3KH5IDZ20Q6J43950GM73LZLXGMO497FCS4O9RVOS9AA3S3CGUO9VMMGALUY6AN1DCVMRLQ8NLYPFYZPDGSLO2M9KTI9MTBGC64QV4WK7N7OQBKUOF09Y3Q1CF7SQATVK
195;TWH2TDB261X35A978HZLA0Z2XGEWM3CR3PGKWBS6J76MEBDXYSNTP7W9HIOQRQM7QP98BG9AYJIQ09YIBIBHGJ4PN3YI2P6HF74DKVI37OKQBL97MTWNR4WN9MA1UM6Y6R3V00V6AH66DV1HBUS5LRS94VP4QJ1YMDALTJL2GCI97T0FEXXY7JV3RRUIVKTWC4XT3E9EEEPT1MZ7T2VBOIEPM07F31GER860GN0RBJJ7TIVRQ8ORR4J41G44384
196;LKGXOCRONEEQTXD3LGNNA048DOB678VV0SL07SVP4Q0J2X8JVULNM0J5QAO5MP79WQ2JUWSF7QPCD5JM219HK5OWIFTEOK3R57XJ2IM24D1NCA9IIRM6DHFKO0YJ5VFVRNKHHBK653RI4J23HAVG18YSACBRNHNZVQIQC6UD7OOWJABM6RQZTXGU6M8R374RD6AYF9FGGI5QGX917FW4PR77KP2SPMBGTJA19EBK9473ID26T2T6HXBF21D0VX1
197;IJSI45IMAROCT67JSG5RQV3AXRBWCNQ2KR76JO8WYB726O6SBJJ9ARK8UV0QE2UH95B372MEB8KQ5B0ZHLPPF9OZZC02YT1VD9XCH5OU7XEET0JUGI3AQPJOR723WRZ25DLJNC4FC54FC2VS3B3MQP6HCX8HBE09WDD21YGMSSXHJ597UUPC0MS2K5J4348J2GV5KNPFOWVMC5Y5M0KME90JQOCNFDSY1DI4F2IB9SU77F877VFTTP2TRJBSMX9
198;HNAJT9XH1622ISUMSEJ59DAFAW2XY7L8VBJQZ78FI6EZJ58XQHO39HFLC8MICNO2IG1ZK82UOLUK8JJ8GHWX6Y2GQPECPHLNUY8OHG59BCA1S9AV58VNCQ5WHNDN37AN0X3T59RUE8DKDKPQP6S2MLMT85EI6W7HTSVFHREUBPSNQOAA4CMKQLOEIESKK934RZQCUET1KUT1C2NE7ZIMD3J7DGFEVLPMYH8EWBXUU6YUPPB21596Z74HJRH4A4Q
199;E65BYJ9ZV8HQ0RX1PB97V98W9OPMSEG35WJXBZNHZG74TRBYY8NOH4IH0EGG0NHP44S5R20Y6QB0KT6BG9K38QVTKXGRYSV2H3M6TDUU0YOVXBVX5SV8BVPI520NT5B68UFDZCERYZLRMFXL0T7GGK7J762S44T6DRY6FIRE78W3VKMOWOF6IMTSAMSSHF9IIYABZG47IW9KSDVQVA8C3TZVE24VQMU5L8PHPF397RT8HLW3ABNEQGAVZ1CUJ3P
200;F31D8Q8WWH1GP7348MZMP5K6XCLRS3OLPJNPF1SR243VX8XU1SQVYBVSPIIU6QAWGC2HVRSXHMQBLXY6NSBKDEGL9RHDLI0WZXDGDC28WSSDZYY8DGGT4O7XLQO5OT58GRD6G6NGTVU2905AFXDYWCWKV697YXEOXG52XE1NYZ0LMK2EGACKVW6695SOUPH9NOEFSGQOZV1X60XMLRFVFTAWSKYON1T9FKGVABOKW1SNYOIM91464CB01SG3IFC
201;BLJ7BMPWYKYPP4MM2EHLR9LARM1CJFO716JWBRQ0XPSPOJP1YEPM19QLWH95ZY07LW54EW2I70CKAV6PIS93CFIGPQB6OCX5YQZJBPMDMQFVCED6QM782G3M53PPRESPL8OAA937E1H5UCPSXJN0US87MVD4LMMDJ9SB4BX22MY9P51750660UD62WKGVY4CQ2HK863LYVCKOXZGOQDIBVPJEJI7MS3H90U6SIE37SJUQ2A2UFAXDKGU8TUUKNA
202;OWVS3P5TWGTV8FL2B67PVBFNUXS1DZ98P1YJFMZ73FMXGOMZHAIJZX04ED2VJEOOF7TBLK3VDIT7JER2D77HDDX15H3H6A0P4CE8DJDXK1FN4PEF9OCBFDYQ1UXRKS3O9FE46Y7HR4AC668644NV1NCFQ26E8TPJENR7SPX2PJ79I5SNJ3UIMTH7HMNQHH71I0G40DC2NRGQ5IGMLA30VD15Y87VN1F2PI0I9IMY58HXRPKES3GSLNX1NTVW24D
203;R51F83I8PV7LD3SQSG7EF8KX9YREIUDLUK3F7UPRBB428F51MIH30IOM792JH0M64ZIQGD835DQN5XY0EN9SRK2L07QD3V1QQG6PJJNSHHDXOLM69LUAUJZZL7STMY5W0Q03RPBVE27PKNTZX23GNFVBMMO90QIC46B0YDPSLEFLA1WQORV6EPM0IZQ37XGZC8RG5MNHEXD09Y99HWU55389OKM3BTE2B5RLGXS9QOL3X99W8OD7YB60SQ6YPD1
204;YV8XXV16EB3O891KKSU413DTEL3Z3CNXFA4ESSYBH3E7N2OXQQ0Y6GHCENNT6TW82XQA06JDVGAUM5IC8WEN5SBDIVRFW4NN6GWLZ6W98YOA72MNLIB7QFCPUHYU584J2C87RQZJL4NNP6ZT4V5IBQ6FL100HGOAQUS906A3A5UQZY30WCRVVQ9YZH9PVLJACWOUPICTCVVEQM9DRD8KZRYMO27HW6FOLDCQI2D9QPKAUX9J6MWS1OYUC51P4PA
205;524MUYR13XYA8DDB2R0BHOEYEPRZ5JX1OWATIELGYYZPPPMOMVXZK424BYUDHZARPJ9E5PTQRMIAVWPROGOK76L09IUJJ5IFH8TPW2A0D22DWJ2L0R86A5ZDM7HPU8COXJIGW37SIRN61PCEJ333XEWRMO6B2LLDC6BZBT52XUZ2HJMNIFLG02A5B67DSPMNO5DZ7VNMVOXWRBV4HL5QVZBJUSI9ZKSILZDOS4XKUHBTU5D32M1LP8HF3FRJIIU
206;YTLO4D7N4PTVIZ4HGZ9BH871LOY7YCISKC3I6TB5QEWY2LBJ7RCQ6A5XR0FEHHEH4JD5JI0S0NXOBOHK55NA1AAV8YE44OGORQCHOS96JBYMYF9W8UI49G6W22XL526JWEC4WSSHACI92ETYDC78CQSRW769MOHE0QQT6KQN4Q45RHXU6YLM00ZI3WQPE8WF9ZEWOX56QH7XSWYO1T7V5CE89BDWO351UHRZUNA6TTAK6Z2DGR35DE6YRVSUPTM
207;SR7Q3ZKGOP64WV939MJ68UYLG9XSK8F3HSRP2N85ARVEIW0D9S8IODFRCBOXUYD2TF55Q3ZULIY2IG0KW7EMDVARCSPF1EIB68NKIGEND4TALYYTLJ7N3IOEMF3RZAJDR9ZK92L318HD2GLKG8F4S8FI0JAYZYK8IJI4ML504C1OF6IK8U2VQWT39RIAEMICTVTO7E1766UDBWY2D366FS5I0VDJT3U5IF3WPM5M03G1W5PX3DWW2AOIRIJ4665
208;NKGAUCRBSAWDAKWYOSVP08EYZRZX4DM59A23U7IY3ALHU6PSN76W5WCMQ7FF3RW4G9CMMDBR8VJQQE4ZKZ65Y2S1PNXCCGJCZX8VWJU7NDFS36XWZ4AAUCDI4A1HXKS1NNM9I0IKCZ509WIN7ODA8P0FMO35C814XXGNSDWW059G1BW1YJW27DIR5FQJVCSGSSGROE18JG8B9JMOWESNO669YS1OACJAX8OX77J0CN91RRJFAPRAFYL94O748Z4
209;H1Z8GXJIIES5E2LOLR5SPYZVBPIJCXZKF8G0GIXZE4D1IZB89P9KWJCO9QSL0BC7VJJAD5KCEPLD77IX14YSWHBR5AJET5Q3DRYM3ZUXHCZM61LT3Y1HCSPF1WK0XNVT832O3NA01HZTRP09P5IDKFV8307ZQIGD2ECTW2733PPMH85395T924IR5NKPLX1ZS952C9C5TMHRSKL6KEEVHB7BI5ODM4FB4DK3X430THEBDB7FR5X6TXKT3NV5DGN
210;6Q3BV0NVMMXMIGH8ZT0VM0XE71W2H1CP02CTHDUZSBGNGWNNSU15D02GNIVUAD76EQRUJ3C1J4Z92NBT998EXGBT6Q53SRLWT8GVQH1XVZNUW0K3Y8XPD8R49E83SIKENX99ID6B0TXPWPXJ0QOTL1ICTNGTOXLI9LU9ODY0ZSZMMWIMBI7FR2FJRSM5FIRCAZDH4CT3UGBPG2YTNTFNKW6J7DIU3DP5UGYFYIRGZ83ZBFP6A54NTRPG54A9Z3A
211;Z51GAG5OV1FY9TJFHJNJHBD7Z4YMLI3RR5AGNIQ5WY1VD4ZZM4WKLMRQ9V13AHXZIYQB5JNW43V45SOXIRV20R61IU2P7O2A44ES3TLTOEAK8SQX86TLLT1KVTVOGBE7KMMT1PK76IQ64QFGNH3YRJUFRN7SC3EVFWCWO2F9TUPVI40YC7I7FNUIRDJ474T4PB3DTY4AHJSWK8MJ0E7LOVUS4SGVM4J0IXYRIPSN5DM1UGLEBXMNPKTKSALE022
212;Q3FBA3STMYX525I43P1QZ9F0AFHT5N4L3F9EYRBA7HLM7EBCI9MXV1CJ5AKLBDAYBYAYK6FG86Z2BT9J7CKZ1J8GQI8D63P3BJFIMALO82UA5ZRVGQ0T92088HI25Q2SSZMDOIRUHP729JOIIT1Z8RZ3WWWYERADAOB3D64R67EZ2SZW9448OLHFUJDHDSE1RCA0GJBXYXK9BBGES3TR2JC6KY6YOU709K5LR5H50Q47HFNTC5RFULTQOFOACQC
213;YI2GMJNS3LMG81RZTI2OWP51W1LH5X1C3EAWHDVX7UET4EDW99B6G539WJ4E4YVP8IN1YPU3K8AQNRK2SVX4SB840BD66WEHS578X5BMOVJRENRSE9DP0NK0EK5NLFSE9ZPVPC5DUQAAA0KO8FDXTDVZDWL1ULPGQ5BAY764K4H497PYPIPQY0U2JCLD0AWAGGW9OBZ0FSUEZM8OZN7LL1CRCZV3ZD146FCT0LH8G9GY9VQJ01GQLFO1VACVP5L
214;2CQ9CBXUY6A2EN2J2LVOEW4FH8QOG386H5CCVO23ZEOQK0KMEH5M1137ZCDCXGIY727GNY2D7PWXHIJ9ERZQF430B43H03S8VZVKBERO9KXYKFJKJFTC2HDZ084U00AJ8956J35KOWIRETVKC8LVU6C1AJ8EGZIRZRN5MTA9OM1N9RMW8UIYLPSZLYE1I13RA2F7ZCEZG5K56BPLOH1LYOH0F6WYZ8809ABSUVVN4B69WKP7JZ9EAP8YS7DLJIO
215;FK0W1IQEEW1PNCV8KPWKASNMA8XPKQS0LADIIEU6HRV8LOM8CPHT3P6OWFJE7FGYBIGEUPETUZYMDW8ZZGH7HC6O0PFZ4IJQ89WKS2TNNX9TTQLU4BDN37L94PLV21A3PM0FPH4TAGORBC5QE7MIWI65VRTUX555AU0LRHL1DHKS8JI2C102DELG65MJYHJFEY5KZOC9M7SNJD1PLA43KQJ9L6GPSGBY4OMU2X5THF1J033UFSR2P69CX8YJN1F
216;3HEN9UZMSVREOKSJ4HQA2MOZESFXNEX9EM69C1HWSZ6DBIEGTA8GHV7O4K2F1INOYD957PJTNIZZTDVDO9O8LJS8W5M0EL9EW4YHGF2Q6G4WQNKPV6RX5XVM4XRKUG2XNVC6OG05XK1I2F55I3UK01Z0YZMW00DKPT59OC1MEA8PPAMA0PFVF6T8V0THJRY716N1NO5FLMV4KWXTQ9W4LGEBQ1RJLT2ZNNMKE9GLZQ0RR4ZCPHGCEKS6T9I87RY
217;W5CTRLFH56TQ5L46W4Y6IWIADOMQNUSMOGSVITYFD4T0T45AY3V32N9P4WD4XX73WOU2Z8F3QPSGS7DOFK76Q4EGAAYL1UNKC1AIH7MNT605EUCSAJOGN8DT6GZDVGAGQOGSQE6Z0QV109NEC37OFTUVKG3JIMDD1OBCUU3B50UPRMDAYXPH5ZVTIV0D80I2TTLBLMGVGOAMKBURV6FOC6UMJTP475Y2O0S6099DKK7WZT9G03YDNPG05TMP1V4
218;EKOKQXL05MW8G4F90KHXHL8YL6HP13WQ6PSLYD0RZPU8VF8X9KPVSQ0FRYWTK02K50NRQF8J2IQFCGW9ISJLOFK52C8WFOSRZLZJRAAFT7WBW5IC811VVG4H7LPY6X35T67UMES3XG8010HY2YC54VNXC3FZCUNADHV4BD2NVJQLSH0H0BA63WQL71CDWF6KWI8G22OWJF1MYDE5K46SJV3BTL4I632KO7GS9F2QKM1YNPZELG4MR4T1YWHGSAZ
219;V3TDPLT1S7S01OBB5I04ZQI0N0484O61T42RCNRT6HE969N2SCQGXBLC7169KMW6M4QBDB74AKRKFVDX1XEBJ18XVOJCR75UVL0VPTA955SSWDHCVVCCQ38GKWVORSYT9LKR50YS3HOBSJC1C5JHJIRR4U5M7PIWAS84672RIJYN714GHZ3XAY7E8LDAI92EASMTEOJMN8QCOXBSQX1NMCFRMPI2QFOEVRBRHVB1N87CRFC41DX9CBHIWP5ZNVG
220;DS6Q80ZV5JI7H6NXG6L8F5L3E74TCH8A32L7HPUDDBJ42Q8TMFBMLTN4L0FZIQV48PHVHLANVQ6ZTBA7SQBXKUUQ3928RYPPAPME7S8S1AZFEEHRM2GR7XHRE2WMRB7ND0GDA570FF0EB7OO1P42GZFU5UCSYBA30TLXB4X6RZX0KC62A9TR2B6BT9MHUOPW3CJCZDCZ9DKZ6NDLBIRFU4FP26HKTB0M72KMA8FYZLO1ZTNP5KY4XP8N8T1JJ8E
221;6W6EA1BS7L2ZQC1JNUQ8O4Y3QCO96GROEG4GA82EOJFBJG52JR2Y65NXED91W477BUODARXJFFAVTRMA4LHM4U6YVY9QV1MAX09TESOMRT7O1AOJ9L1ZZSBK8W0DWFE3BNKC7KF38RY7MPZ7ESRYK3V3F5YCBY36J21R83MGUILS91G2ZGXAXA8E0VSBVCWGIVDNEUVQNO0FXXYJ5YZPI9MA7ZB61RBBO4P6LBD76ZTVDI4O71OF9NIJ9YTWCMP
222;AK8I91OA2XWWOF9MM01BP438S1PSLHSFU6WOHTAEMY4CRKJ9ZQ8C73SS0C1ID2NFTD42KJJA3NR9PVO36VR85ZVV3VOU57MXQ8GZO2CAMWMWBII9K02QD5JF9K5NXDWKQ5FQCR7ZE3QQ2LULHEMEQBA62FJCYBTG3XV1T3HJ8XST6V17WC68Q3VN5PG8LDGGZ12RDXJK2YBCKQX41NODI4TMIOKUBIJ77BSAVIGIQLSDPBR8MQPVKIPYLM4NOS4
223;5ZEDMV5KDMHCGWM3ZKXMPH3CD02AQAPNFXBVNZHBSBXOR8S2R58H7E0G0H3ZJKALAR570GGHT4E2OPKMDPXUZ0DQVUJPWHR6BKORT44DUXJ49MMKSNTC9R73ZWZJM5VJFYOQQPBZ5Y4C60APIRIMCNF1S4SYZEME5I49VAF37R3XH3LPT23O0OMVASK8C6W4B2N0O20KMXZTN3I3C6QT3L2HNQTUNBK37DOB8CRN9XGIWAOZ5ALLGLWV6WRBANV
224;PBYJ3EH0COAAQWAIN25QTRLGRUCD6VWGSRC4N2TUBYA4L1SUERRO0C6BHDCR3YXRSYF01MHV8P3IDPKV0O7KGU08LC4E40E8V8PY7US6JV2MN4TYV7Q2AF1QV3LF116XCXL5BFEUKHFXBD1X94S8UJF44OKL9CB1ZVYS2ZO6OMUGROQR592G426Q7VAA1ETU2ZTU1NU4RF4LF1W09S2EEBCDS7ASGV7MKEFX8I2M0HS11L0PD19U49YB5V1CY00
225;8NN4YPRWF2DY3GXHFZ5ALHNXY0HLL00WE3L5ZXX70EWD2KP4R0BYQ3BSHSJHV5296FPO5DFW8T5MW63XKOA1DT2L9UDYQX72JOH9O4DTK4YFC1HP8G3DEE9LN46SEJQT7ULT4H0WXZ3AVN0L2SQL1XMZYCZ1GEL4CJEICCDFLZ6SN02JXX0XJH4QFJCIWJLV4EL90NZSWD7OVNULQBUT9JJBS0OS896KRWLABKYR3LHH882UDZUN5ZJKV6ZFJBO
226;7ZCHKFB4WK9L3B1TEX251HP3W6X1YTW3PQ35CDX6J0RI66LXK06UAUJDV0KH7IFFM17PDQCC0RYAVEPX7G1IZ6BHV9DAHD2LXF9OG1F91PILCY8FJC85KZLIRUX7HWKJK830CSODZGZ148PY0I0BUDXFDUF98C8D2J3AQV5ERV3M0Q4IHPBORGCLJKJFBU7PTE3KHEY6SQRIT9VAWFWCU85OGUADVRUWI7UTHLEQNUNXLW4THVB1PVYT13Z03KZ
227;0MWKKDU145M1J8PFOUYFGYP3I2KC19FT6BCJRKV23YWWQPV0M865OYAGAH2OP0G50AAGTS508I4IF6NGRELQSHSGBAOOUPRBDSTAID4K1FB51NQI802TBVXUDXGSRBYT8GCD4KN4EXTXV8WQGLQJTD7VFLYJC2RDVD9T2UGDOQ6SCACGA0FIYUR6MH3NECZJS05SJS45LPOV8ZRFWBOFNFMROMUE1YXJOXU51MQMVHCJFODYT63NPGATNA1ZVFE
228;P9CQAC2RJ5I1WFSCPRJTEEGQXQNHWDE3AATACYCOLM8HQD7VSJVP4IGRYBCDSCI9OSPPYEAP4SDKKJA9QZB2QTA57G8EEZ8CEFM50501A0DVL4CZA1E2MMHYFMQ54RTHIAFR9LZ5Y9J01PIMLIP5MMMA8QL4P28SI0R0D7T3YX1C6ZPFL9V587SLYV40P3IU7VA3SS0H1Q4CKQYVXYZL7EGFP4OAXAQAEGOHY0UPETGFWJHXKUZPFCIF43LPXPS
229;20VVXQ3U2W89DELOUVQ72AGX8UA6OIQPGM5GZRPKDIYL8UHFQ0BGH7U1G4TN2UBISVKC7FA5PPONCZNPC1TPDXPB7DYQL09YAL37OI3KXQY9LDC75YT455QAF7GCUCAHHNWJ4DLKKCVJEQ03PULU2YLSRUL6GOVSKV24C3W4JC7XXYDRWHYH2W5JLYPP162H9TYHWLJS6HCC3ZQHMA570UZHTSF97J2EBRUDFMZLO5RHNKYL0VIY4D8LU4X9HFG
230;RUHSVH3RXDRYSIO9KGCRX8VWEEAEHJSWR732RKNB2Q3JQLE315AFLHUAVNMC7ON8H9V4CLVRMSRBY87702VKXQJEMIJ11UU88305HOKYFDHBL2WWJ15OGGCRTI2BS26WF5ZHKKPE6H2L34F44ZW24PHEF0PXU3AG13I2ZK3PMN5A1FZW9KJJ9I13HYZS2NNMBFAA3FKNF85S53EPAXR3R5VNO6CTTWZJQ5787QFC4KNH50PQMG31M86FAOOLDF6
231;VL3QCNV30SW3UCQTY2VX2SW1ZC0OQLHWMSN52RYYD4Z6ZRWQ0Z22OW4RM07YUBZACAJJ7AQNXRZXB3Y7V5HRRYUTNMY44P5SM6KTSN18XITOOO9XMDBZRG3CRNCUJL3E467ZSPKA6V8MPXJ5FAJQGVO4B4YBMRJRI26LW7G3UCUC1JMBZO2H6SP91O6P94E2L4FS06XDA8REWKKI16RT9W8XMS6WPF30U04KI1L24L1U00HZG3JUUUPO557Q4KN
232;24XRDYCONURX5N2XK66C8VVA00WE439W19SMX2C5XOCISJ35RDHP3HFYOOA7BI33H7Q80KJCM5UPZBZZ7AYY6S86M8HYH5DO6U1U0HNXPUFIE0UHI1AFVPD0BDO9H46KU8TM50XD5AK7AH8F0Z8SQ1Q51QBQHKJ1QQGMZGG1ZV80VAL48JIEGUOE8B6BOHJD32RULQIA1KWAUNSFHVT2V7JQBUY9CM9JGJIR5QWMOAFJM1PZWC96GY012LLR1NF
233;38KP70MTK03M89K1XX4Y4OL72F4UDXEMESB6XAFZ3UPMMXA4NEE5R172LDG2HT1M98KACYSSWCP2IZ6FQCZAJMTUNROGRNTBFOF0I06P3PFDCF7MNS9Q6MLKS2MJFJBW4OCCK3T7T1SAWM2AJF6Q5IOJRZSTKWF2FJZYGX19HPTVUDQGYC928SH1PNY5QESGNKQWPJOKMH68Y7Y0I7J1SUL3UZK5WFU9FGKUF058L3K1LXCRSCJGM536KA8LDHX
234;B4YD4LBG9PDZNGOIZRAJKQNK2PAV020NFF851Y8S9ZH0F7XLJU2KN2RAENQQD7IW2BZR6V8YGMMU6YBD67ZUK2P3PB1CONAZ4SKOR3WQR96HG9DUOTI0ZY4MJ3IPAKGWPSF0MRALJQJVCQWPOFN6WBZA70AQIKOB07RDTVRXTYUZXKL04BES5050227XPVFCKUOPI0NIAFM9U1DU2BGT40CDJX82HY2M7M0KAYWBJAVJQZNH5GID0CQZEUWFF8H
235;F0UXGF9QA4DHGOD5KFJL2OKWL6E94FXSGEDF8E4STWNU2U9JB3FUTHRP8WCR0WBM15J9WUFDFZ67Y9H4508FOHS6TXP3D22LL2WWPBS8K5Z8QHRFKSE0XGMC7XY58CWE2UFV0L6JZ9W0RG2OTLSUYWVLNK1E0B89GSDOBR774YSDQOQGXIGB9WAHKHUFVDAJMIE0LZ3ZQHVER9T4988K1LP16IZKMTEHWFZW23OSUHBHAPIDQCBK8VBEHS6PNGM
236;YWPC83I855S5JYXW84GRN2C9F300O85BNGZVPVAEAQML5J4T8711K5A4VM0S66VBYXWS13SGHIDYRXVM6VYDP5JYHWAKKB8POJI6G6RV58Z2FJ3OC05F18Z5AOB1BQ9H09T94SB5SCS5GJSWI3MZEHTIHG90XYNGA9KFM1R0BQC4NCXK5EXKJ8BGV5PS3JDHZLUAC3HXAEDJLMUIJWB1ST4CFNNJW0K65ZO3HYOMA6F5FFXJIXVA6NFZ81JVNUU
237;B4PUAQ619HV18JJXQNXJYQPQYT239IM95TZ68UFX4ABCYFFJLO2OMCZK96CCJAJFHER42IO4YXITMH2MU524JHPGSXL1WD6XEVU5BKVL3YKZN7EH7DJVGDX545RJY6R5U0Q143JDHXT0W3EM6BAQ8G9QIUHSVR44MRZYKLESWFYHYHPD7PLB28ESTD2QTY51629OK3WJ02N6944XIG62JGKW6C3ILM2MZ95IM3NCK5RN616GSL8BGXYNNQ1MMQE
238;LSL3JXWH4087088E0HCGSDSYRBND3VCR4DRAR95JCU8BMBMOQ0LS3HJIE7CCMMTYMFSLJ4ZNL9W5A92GE8XRT942YHBXT6ZFLF57EQ069892A6408TFPH343YB8RCE3OKQPDO89AL0A2K993BDU0WN9JVNGLFIY8IND6JYK42GVIZ35W08THH9K83N8W10B990KS2UW3BGMVEIZDED28DXSN8RF036VWJ5LE02TDOQS2HMAQ22YIO4X7KZ008U9
239;VROCQ7WXWV9NAAI4282HMHCB1ULHUGTY7CP4B7E0846YZIMHIXKISC2ZURZFQVPL3XVWU8DEG90V7WYXM9XE0CIF0JC5BC2XHA60N5AJ768XP3O95S94XCSQDZWLOBX84AK8I1HPHEU7JJR1JB357JNPSZ52Y0WL10VJBFI3UKH2TOY22E7TYACH1ISVQDJX20TJAUGBNMDW7YFSQZSDME9JD1JO62T4WTB23OPPRBXKMJVKWNL3PKI61DY2I2B
240;I3129FL6HINRNEWW0NSW8MNGRT7CT1MPW4Q7KLT0MNTEPSO0E056XFK0FXRMKWWXJGWHRH73OQ4FH5LBCBV4Z8EKZHYIJU4LOAQD4OJBJ50LBUT26044C58UQF4XL2J7TWB1MK2DFKBRAKFNWCS8JIM4Z3UREZDLCNZNOHFL6QO1W42Q9Y6I4RPMBF2T4XNX7662BFF7Y4HAF423QJL72TYX1TN3C0YU1OI7UHAAC53RUQH06R4IBDT7P1ME1BP
241;DXC6MDJ9EIW5ZF1ST96MLGZ007J1PB3MYRCXE4K6LM6Y2GI29ZBDOXOOQY2MN66U8B8IWJPB7104DHRGHM9S3U0BRQTM4QSYR3G3RYKMMOA81OM12DO7SQBR4XF88J4RLUIJWTVIPP9EOE48FK15I1E6SICJM0UL57R0QYTTBYAM0E0VLZCI2E592N4QEZTJDPFJ1DWSPRCA5F7DYWVB3L9E3AA0Q6DKZCA72CZ8U9URXWTRZUTYRRSXB4QOTD0
242;7P7P8ZFMRCHRHUEWHPFZB0LPV3VB6QICVZ1Q7U1GJ003YNR57A6AMG5KBUXL6TUDVRYGDM41TVRP1M32F6ZE03I3GL7UHD1P5CXC3M7DTKMAPBMAGHIB6RBLGBAQ27CQRAAQKFXEATUCLX13358N6DPUYXI40ZVAEEEZI2ZFUM5JLYT9HZOZ6ZXWPPYJQ2XDM4HBFXV7WSO29MASTPRYEFZJ1S94685NEBM9VR5XDL3UP7JE6L3DG3A8NC6F2U8
243;J9G9D70374VTIGER2YAI9FN2KY0C4K560I3J3H30816X1F2JE7H0IE89GONIJEE51O16U6P1911BKVXWI8XHGKH7UATS8UARFK98D59R8FXBXUTKNPJVHVRTNLW5OPGK2ETI7341P5LXROCE2SYN63LAKVNC4H7JVTPDIW36PUX6FD6AGC5077E1ZJO4KLF3EN0L9AKVDRAYZ07UCDUDPYVYMRD7BKRGWNPJ5ZWD62WL0W8DUVJOFDXNMDNDJXI
244;BVOTKGKBC600OBSKFVONG5AK6H0YAEVTJMKQ3B5GOAJKZX1ZA235S8ELNQX5W2OHJGH6NDLD03DWMPGVRTU6WEQUNJO4XPH08RRME1AWRLEBQV35BD7BBVDE1CPSQUP4LWQUQM33A052QENTDRYY6K8UJWJK0NOGLZV54IQG6ZD3MW79EQGRZDTWRWIUOZGKFOPO20HQM4USOCEZW4TVK5NRRBFQ9MUPAKJEY0NOXSXN4GYYBKURFR30ZQR1UKC
245;L6AJN4RK361H3FKTRFG4PJIA72WJ7IOWVZ3384VJZUQAB0LGYAR1SMDH67WPBY01WSDC303L6B550S6WSKQZ8ZRGRX1EF9BZ1PQS50INDI08OQQXTEXTLFDGA90TW7B9IYWDCLRSEB3NNX73E81AD89K3DFBML90AP6MDC07FEGXG7HBOKE69YTKSJCIIWVRUEEY7FCCQ9Z2YXQ70EEKOIOS4ENVTSVGWDKVENWRKA5537YAQFC5JFXFW2FJ5V1
246;LLMDUKZTSYCGVKJX67VTSXCGMBH9F3KW83ZZVNFP7XMJEDWVY9ZVBTXGLICZ4WJRMIAUVHIT4PO8CF39VS0CDHEOFQUGXNP1Q0NIV766BIVRK366HMS31XMXUFG9TWEYCOZFKLXQJU2235JX40DTZCFG5CCWZPSYVLXPKK6NXWUCNNA8ZNMABGB4OZGT9QR24KU7QI3URHPEEO8O9GYDDZRVKXHRO13JHZNOHDXOMOOB98SOMD1SBE5Z0BVRDCS
247;68BNYVZHIIOP6DFJ7I5697EU85CQQJORYRXGITY6Y68J0JMOG4Z9059CIO484MNZ4DMS8ADL3UIMMFJ87Z13DJNG1Z4GVX0Z4CBB3KPHA13JAIL6MMZIB9OQCLIL00PIFHW662S4Y02CJC6GABZ122JXDQF3KQJ2CR62A675RQ8IBG4LECGFWAJZXATWIPZRAOR39HB9EP6PAKKWKR3S9C3VLQPUQG00V92RSLX7I09PNO6Q1ZOM3HTD7I29RZZ
248;L6V5I0YGQHQX27HPLHMIJ2Z1G0GQ3KL0IGX9AZ3GWZ04M6ALMWG5NBPX81E2PJJQKAGZ4U6S9O8SSRTR8PEKHJ44O4ICUM7R4I62DDJTQEA9WNKHC43DR2L0XPARX85O98HN5TDZA41YNQR0OKV4XARG9XYLENOBU08HHUXBD34E5AOZ5TUKWCQ8D6V5NRAD0QFPJ52HGXAPOLSCJIMC1XTFBKIYZFT4Q4TMP628G534T0466OVF6NB8PW58Z7I
249;3DK4CEK4Z3QOUL4H2R5XHGJMA15HFQKXA2RO258R908AX2GORP5FOR8AHO950D0YWY2Y8L0PUK2N6SN6TOKL7YKBPSQUFLMN95KVEK4617L4XIBP5I6SVOWJGT1LN4ZHRUUDF408UFNCYB61OVHP2CUQ1QW5LO3T56YTKNXTOEWPCPIQ8VKFI8MC0AMNRCUYZRDOBFLV183IEPGRDVQM06BD4JW5T6UDQCV0HKQ22356F6N3KF0JCDKTME3QJOF
250;UPMHG3IZ57ZIPQCGRIIG1456S3PV56H6K4XY0RPLUOKBILYKBQZEOASG1SPEL2BMLLH2KNH6GB466SIHVHS2VBRDN4K8KVW1XXATKC8HULIMQRS9NLV42K2HW1SC5RP2PNGN7SYKDFZSBHSU6C53L5G8G7ZWCF2ZL3QKRPX6O51TXQ4NFTANIWNGABZVYEYKJLBDMXGSFTAI7GZA5RB6WJ6GKQVY5Y956V6TGOBIT91HJALPMXH2PHPE60TOUSH
251;16KNYH58T5HK1ZDLR0Y0R1QLIANBN6CXOO1ZADDQRN617XBHXGCJYI6FZLQ6Y86EBHQ49SENEE6O36SX4GN3ODE7XLS3TD87E6OAAE9Y49DROI4U87P06Z3IB5SO6MGMJVFXU01HHQPK3D9BMW5QLEGXHB7TM60U7QLX7DQSR8K4M1HQPM2SSP1GBY30PLIFC2ZXA6401HUFD9U9M792L124GTJOTIMG2ZJCLVIIYMUX5AOPT4XKKPJOWC4D465
252;Y9JOEAR4AVVN5535RUVC3SVZNTAEBEZQDT6H72OH67DYQW6SNUDIDGECRL92U8Z5QGN008D51H4PQNPHRYU4LOFWJJVCO8W9A0ELEN4OGYJTFOZMVL3XFOWN8TB9M5GGSNEB0JKCVYTFMA885H94QTX2S9ZOCQP3DBDSMIN0VS4ELWQ9UBB6BDWAEOLOORV2R8OV5SXCROI9J09GZCONHDTLCIFUFRNMKQYY3DELJTCMBMHFES6LVTAINB19Z82
253;2H39U4S00KPFRVRAMPZX2CNVZKHVKH39V33KOKL265H3HKZPW5PA8CPCT71HP8EQZICA3OISJKEK00GPDJQFZG8ED4OZKNF6RDA2DQKUSOWU5ZP0LT2IOW5RAWWLGMQEDDXWYLH81U2RMJNMW2Z5O41LFRUEJP7JG0T34ZUYXN6I9RZNT5L31KBZONBZMQIX9Q6ADNB3TAJGZKS838YG6J5Z6ORIQI32LRL4FUAOWQEKNRVW3SQ6SV1CD67OG0V
254;PG54C13HKUFUE6ODFLNUMHT4ZPQWTANZ4GGN0JLX2B3MTJR2BDH9XOWNEJN6DCYRSBXVW0I1MT9C7VDQBF6WO4640X7DGWSWWDZRTM3EZ3I0MVIZTA5MQWEDHYGQJT6X9QU60L27GHV5SIR7QL6Y51O0SREN36UNKSOEHHCGJCDHRO9YRENTPVXAJ0WYVM3KJSDL6UE0P9FCWLDQXJWTXUQVJS1UNN3VIIMY3X88A9DHVM2ZB1SUW8PXFOXWO7T
255;H9ZMS7BJCLUWGHRB2E5WFAF35PQLW2OZF1U3W6TYQ869Y0EL13X5HK7EXLRQOO3ILI9QKQYW4BNZ3ZOCBSXBB3XRHCJQWFJFZRT6JNJFEB03JU60CVPLZELB4QKWTQ5KDCKIRZB254O98MEF3BOJCNBP4J8YJ3REX4ZMD3FH7BNUM131BDSEN4L8TTDTP5FVAEUUKI62ZV48X0A1HQE0JJXABFAWO3SIOPH49C5LPBQHRF9ZKXWCFHQM8ELLYB7
